Iteration	Posterior	Likelihood	Prior	rate_log_sd	root_freqs[1]	root_freqs[2]	tree_length
0	-76.2413	-119.7584	43.5171	0.2620627	0.267541	0.732459	1.718615
6	-71.30465	-116.1046	44.79992	0.155445	0.136006	0.863994	0.6237604
12	-72.19108	-115.7417	43.55063	0.2680383	0.162772	0.837228	1.690657
18	-69.42839	-114.06	44.63157	0.3486564	0.260467	0.739533	0.5278174
24	-75.46476	-119.3666	43.90184	0.621249	0.145812	0.854188	1.142503
30	-77.33953	-121.4452	44.10569	0.709762	0.37909	0.62091	0.8462202
36	-73.88521	-118.0013	44.11612	0.7535059	0.262331	0.737669	0.7754936
42	-73.64503	-118.2572	44.61217	0.1268435	0.340678	0.659322	0.9335441
48	-80.21639	-123.4345	43.21815	0.4007018	0.38847	0.61153	1.830232
54	-79.58877	-123.1219	43.53311	0.1408314	0.134024	0.865976	1.792182
60	-74.67659	-118.6794	44.00285	0.5763611	0.217401	0.782599	1.091694
66	-74.09755	-117.9335	43.83594	0.8061656	0.44537	0.55463	1.032257
72	-75.69933	-119.3866	43.68728	1.19295	0.222342	0.777658	0.307214
78	-81.66331	-124.9933	43.32995	1.504796	0.309522	0.690478	0.2755256
84	-74.58665	-118.4236	43.83693	0.9936925	0.202485	0.797515	0.2730198
90	-65.61574	-109.6453	44.02956	0.3702085	0.295847	0.704153	1.248539
96	-67.63625	-111.8703	44.23407	0.1776884	0.338058	0.661942	1.238509
102	-66.05285	-109.9662	43.91339	0.8785846	0.256708	0.743292	0.8742591
108	-66.33706	-110.5612	44.22419	0.5677854	0.277632	0.722368	0.8742591
114	-71.94346	-116.0928	44.14933	0.7432806	0.35498	0.64502	0.741773
120	-71.95933	-115.959	43.9997	0.4005655	0.195617	0.804383	1.24812
126	-67.60931	-111.6585	44.04919	0.5557498	0.401216	0.598784	1.06773
132	-65.25797	-109.5474	44.28947	0.5031724	0.294903	0.705097	0.8734824
138	-65.97254	-110.1489	44.17639	0.4327138	0.441933	0.558067	1.063811
144	-65.65796	-110.3204	44.66247	0.1944119	0.533945	0.466055	0.7930696
150	-72.12151	-115.5604	43.43889	0.1862626	0.473728	0.526272	1.825895
156	-69.6688	-113.2153	43.54648	0.8616547	0.230118	0.769882	1.241548
162	-69.72842	-114.0055	44.2771	0.1310351	0.360487	0.639513	1.241548
168	-67.85	-111.8615	44.01154	0.4965344	0.44675	0.55325	1.155789
174	-73.42446	-117.2818	43.85733	0.5524953	0.189589	0.810411	1.240131
180	-72.70681	-116.2689	43.56213	1.073593	0.12121	0.87879	1.038424
186	-69.82874	-113.5074	43.67869	1.222073	0.345954	0.654046	0.7290364
192	-67.06629	-111.1916	44.12534	0.5760292	0.229253	0.770747	0.9731303
198	-67.54005	-111.9315	44.39149	0.2084038	0.327137	0.672863	1.072471
204	-67.39899	-111.302	43.90305	0.6968474	0.427373	0.572627	1.072471
210	-65.65134	-110.3632	44.71187	0.04102348	0.372432	0.627568	0.9184578
216	-70.25991	-114.6242	44.36426	0.2893451	0.356422	0.643578	1.021044
222	-70.52034	-114.5754	44.05507	0.9260602	0.583567	0.416433	0.4829263
228	-72.40051	-116.9272	44.52673	0.4527813	0.499743	0.500257	0.5339614
234	-65.72439	-110.0872	44.36277	0.3344183	0.513695	0.486305	0.9774254
240	-67.89673	-112.6788	44.78206	0.1889527	0.167855	0.832145	0.5767836
246	-68.44363	-112.8861	44.44246	0.5285576	0.339518	0.660482	0.5767836
252	-67.51023	-111.8971	44.38688	0.3950705	0.364363	0.635637	0.8858589
258	-71.84403	-116.516	44.67202	0.07024016	0.630993	0.369007	0.9300392
264	-73.36158	-118.1843	44.82272	0.1298552	0.292895	0.707105	0.6306201
270	-73.78033	-117.704	43.92363	0.960962	0.406695	0.593305	0.3107405
276	-75.17983	-119.2289	44.04907	0.8083801	0.515377	0.484623	0.7923123
282	-69.98785	-114.1669	44.17905	0.5791414	0.606684	0.393316	0.9126178
288	-68.83755	-113.2812	44.44368	0.4595243	0.379127	0.620873	0.7251344
294	-70.52783	-114.5259	43.99812	0.9468611	0.429928	0.570072	0.3764196
300	-66.41608	-110.2535	43.83739	1.143752	0.365657	0.634343	0.4831216
306	-70.41777	-113.9638	43.54599	1.143752	0.356828	0.643172	0.9850155
312	-67.81123	-112.2544	44.44312	0.2040732	0.612416	0.387584	1.027309
318	-64.93491	-109.0567	44.12179	0.5135306	0.744274	0.255726	1.038813
324	-67.73169	-111.726	43.99429	0.9438645	0.340519	0.659481	0.6624654
330	-66.70476	-110.6179	43.91311	1.067328	0.541315	0.458685	0.5257465
336	-67.68132	-111.5936	43.91225	1.067328	0.381088	0.618912	0.5334548
342	-65.85683	-109.8741	44.01729	0.9622861	0.356183	0.643817	0.5334548
348	-67.61737	-111.9046	44.28724	0.1794811	0.104937	0.895063	1.19181
354	-69.08396	-112.3062	43.22225	0.6379299	0.276643	0.723357	1.661079
360	-70.57633	-114.6128	44.03651	0.1058031	0.276643	0.723357	1.453144
366	-76.09879	-119.4761	43.37733	0.9081314	0.19042	0.80958	1.341657
372	-77.01315	-121.1167	44.10355	0.04833344	0.563705	0.436295	1.44584
378	-71.14337	-114.9378	43.79443	0.3574487	0.360495	0.639505	1.44584
384	-67.49044	-111.4898	43.99937	0.5591652	0.188994	0.811006	1.110631
390	-68.83396	-113.0975	44.26353	0.2950061	0.461695	0.538305	1.110631
396	-64.23164	-108.1715	43.93986	0.03930833	0.486484	0.513516	1.574967
402	-69.28388	-113.1312	43.84731	0.1318647	0.514912	0.485088	1.574967
408	-73.74327	-118.4249	44.68159	0.1777106	0.629263	0.370737	0.7897883
414	-66.74472	-110.3545	43.6098	1.293208	0.1789	0.8211	0.3269324
420	-69.10151	-113.5366	44.43505	0.5465379	0.304076	0.695924	0.5081233
426	-69.47568	-113.9871	44.51141	0.2197693	0.16203	0.83797	0.9419383
432	-67.11036	-111.2261	44.11571	0.1141392	0.149271	0.850729	1.385567
438	-68.457	-112.7817	44.32466	0.03744847	0.453825	0.546175	1.27969
444	-68.71352	-113.0691	44.35561	0.4895906	0.389415	0.610585	0.8086246
450	-80.37723	-123.4251	43.04783	1.735352	0.320173	0.679827	0.2473319
456	-80.07978	-123.6757	43.5959	1.357184	0.416727	0.583273	0.3896872
462	-82.41364	-126.3675	43.95382	0.2780197	0.307275	0.692725	1.38401
468	-82.54752	-126.2128	43.66523	1.186277	0.710806	0.289194	0.8002862
474	-74.19739	-117.3719	43.17456	1.692574	0.186129	0.813871	0.2972069
480	-75.89356	-119.6017	43.70818	0.9592792	0.305865	0.694135	1.007387
486	-72.26767	-116.2876	44.01998	0.9615781	0.356593	0.643407	0.4910511
492	-71.34988	-114.6291	43.27925	0.09652174	0.435973	0.564027	1.994828
498	-69.62639	-113.4919	43.86556	0.4345746	0.157225	0.842775	1.329932
504	-70.07076	-114.3214	44.25069	0.6830011	0.157225	0.842775	0.6713872
510	-73.36991	-117.6782	44.30826	0.6561001	0.441609	0.558391	0.5990472
516	-72.92887	-117.0418	44.1129	0.3782347	0.0796298	0.92037	1.170644
522	-70.81406	-114.6228	43.80873	0.1599334	0.489385	0.510615	1.582653
528	-68.72709	-113.2067	44.47964	0.05261212	0.364876	0.635124	1.13433
534	-78.40196	-122.5772	44.17519	0.02611416	0.267176	0.732824	1.407796
540	-76.25161	-119.9685	43.71692	0.2349642	0.377369	0.622631	1.5949
546	-67.83597	-112.2378	44.40179	0.3575973	0.394113	0.605887	0.9112949
552	-71.15255	-115.2606	44.10804	0.6652236	0.404211	0.595789	0.8957661
558	-75.91188	-119.9925	44.08066	0.8986972	0.788917	0.211083	0.466359
564	-73.45776	-116.6883	43.2305	1.070513	0.332648	0.667352	1.329229
570	-71.01887	-115.0426	44.02378	0.3943812	0.266525	0.733475	1.233131
576	-68.18011	-113.0578	44.87769	0.01529518	0.404866	0.595134	0.7411975
582	-66.90163	-111.2909	44.38929	0.06417601	0.404866	0.595134	1.203194
588	-68.25308	-112.1189	43.86584	0.4463616	0.552852	0.447148	1.320244
594	-73.5233	-117.6109	44.08756	0.3747239	0.551596	0.448404	1.195627
600	-67.87023	-112.6509	44.78069	0.03140882	0.644623	0.355377	0.8503006
606	-70.07504	-114.4774	44.4024	0.0182277	0.398043	0.601957	1.231054
612	-80.97428	-124.9484	43.97415	1.002028	0.384305	0.615695	0.5545221
618	-77.1296	-121.1687	44.03909	0.8658399	0.384305	0.615695	0.7223453
624	-72.01327	-116.5988	44.5855	0.1095271	0.621578	0.378422	0.9796373
630	-72.48031	-116.6798	44.19946	0.4955599	0.241621	0.758379	0.9796373
636	-73.97992	-117.2103	43.23039	0.4999251	0.577349	0.422651	1.752916
642	-70.83365	-115.1049	44.27129	0.06594623	0.414536	0.585464	1.300002
648	-67.38871	-111.3902	44.00151	0.908305	0.309384	0.690616	0.7143029
654	-71.59915	-115.9658	44.36665	0.532227	0.376408	0.623592	0.7320314
660	-71.6618	-115.9306	44.26875	0.6403039	0.282562	0.717438	0.7155723
666	-69.7143	-114.205	44.49065	0.1248824	0.216555	0.783445	1.057731
672	-66.34476	-110.6976	44.35288	0.2316613	0.259513	0.740487	1.086766
678	-68.06654	-112.6018	44.53528	0.2280172	0.504344	0.495656	0.9069586
684	-70.67194	-114.2725	43.6006	0.1931326	0.531938	0.468062	1.708326
690	-72.61221	-117.165	44.55282	0.22452	0.314861	0.685139	0.8911409
696	-72.3753	-116.5865	44.21124	0.07117918	0.453584	0.546416	1.34408
702	-66.9184	-111.5866	44.66822	0.2903272	0.594659	0.405341	0.6155035
708	-68.18433	-112.0999	43.9156	0.6233497	0.423394	0.576606	1.128333
714	-72.53504	-116.02	43.48495	1.484712	0.489034	0.510966	0.5817239
720	-69.56923	-113.2012	43.632	0.1202788	0.392962	0.607038	1.737528
726	-73.63994	-117.2575	43.61753	0.7522711	0.386667	0.613333	1.273365
732	-74.34748	-118.5257	44.17819	0.7522711	0.489363	0.510637	0.6776256
738	-69.71034	-113.689	43.9787	0.7522711	0.412992	0.587008	0.9421609
744	-81.81886	-124.9217	43.10287	1.860023	0.208143	0.791857	0.6034107
750	-72.40059	-115.4351	43.0345	1.860023	0.678939	0.321061	0.3191907
756	-77.12684	-120.3133	43.18646	1.751606	0.655319	0.344681	0.3664361
762	-74.7566	-118.5492	43.79261	1.181481	0.343272	0.656728	0.4407502
768	-72.58114	-116.7751	44.19395	0.5351193	0.343272	0.656728	0.9441774
774	-79.79997	-124.3723	44.57234	0.2567025	0.198723	0.801277	0.8293717
780	-77.043	-120.9324	43.88943	1.091477	0.411732	0.588268	0.5205123
786	-71.27787	-115.1209	43.84302	1.137882	0.325805	0.674195	0.5205123
792	-75.10355	-118.4497	43.34619	1.588107	0.373183	0.626817	0.3613927
798	-74.6391	-118.5805	43.94141	0.9981087	0.197962	0.802038	0.6596552
804	-77.23494	-120.9852	43.75028	1.07282	0.677678	0.322322	0.8368015
810	-74.17177	-118.0555	43.88373	1.07282	0.389777	0.610223	0.6207221
816	-82.07246	-125.906	43.83351	0.5331984	0.394417	0.605583	1.27591
822	-74.47318	-118.7335	44.26027	0.7097395	0.347835	0.652165	0.5804664
828	-77.62844	-121.7478	44.1194	0.8480816	0.347835	0.652165	0.4202976
834	-74.23936	-118.3724	44.13305	0.8480816	0.707937	0.292063	0.4829404
840	-71.36203	-115.0538	43.69174	1.281258	0.773509	0.226491	0.4368124
846	-73.56937	-117.354	43.78466	1.196267	0.125299	0.874701	0.4802783
852	-74.09967	-117.8742	43.77452	1.196267	0.304008	0.695992	0.4296491
858	-73.66167	-117.3753	43.71365	1.241687	0.304008	0.695992	0.6238106
864	-79.39869	-123.2588	43.86006	1.100115	0.456378	0.543622	0.4032668
870	-82.49122	-126.4577	43.96652	0.8582238	0.741447	0.258553	0.8347594
876	-74.58655	-118.3087	43.72215	0.8582238	0.330181	0.669819	1.090623
882	-76.3416	-120.8711	44.52951	0.05085916	0.266583	0.733417	1.090623
888	-73.31443	-117.7477	44.43326	0.01975	0.552184	0.447816	1.203581
894	-70.49219	-114.3985	43.90632	0.2318989	0.53343	0.46657	1.456264
900	-73.60528	-117.585	43.97973	0.4524519	0.503593	0.496407	1.221307
906	-75.72412	-120.0113	44.28718	0.3354251	0.300131	0.699869	1.051005
912	-74.6208	-118.6267	44.00586	0.5455623	0.300131	0.699869	1.11709
918	-73.60792	-117.6138	44.00586	0.5455623	0.353878	0.646122	1.11709
924	-77.78896	-121.3462	43.55724	1.212866	0.156153	0.843847	0.8993296
930	-72.13215	-116.4902	44.35801	0.4120966	0.308373	0.691627	0.8993296
936	-69.58651	-112.7846	43.19812	1.548536	0.13871	0.86129	0.2306259
942	-66.54762	-110.2725	43.72486	1.248756	0.464806	0.535194	0.4390077
948	-69.76724	-113.4744	43.70718	1.139975	0.203789	0.796211	0.8060566
954	-67.59004	-111.4052	43.81514	1.14628	0.227044	0.772956	0.4059031
960	-68.40953	-112.2443	43.83476	1.141906	0.201298	0.798702	0.451387
966	-67.22437	-111.0283	43.80389	1.094209	0.367219	0.632781	0.7332511
972	-73.77472	-117.5835	43.80875	1.11999	0.19533	0.80467	0.3543949
978	-73.67337	-117.7529	44.07957	0.6453215	0.190435	0.809565	0.9486088
984	-68.63352	-113.0546	44.42111	0.5584451	0.349845	0.650155	0.5336752
990	-63.8581	-108.2225	44.36444	0.2541467	0.718513	0.281487	1.054829
996	-65.57927	-109.8105	44.23128	0.7315774	0.49574	0.50426	0.4090613
1002	-65.3202	-109.3477	44.02753	0.9353305	0.49574	0.50426	0.4090613
1008	-69.19355	-113.4032	44.20969	0.6578211	0.353764	0.646236	0.7784678
1014	-68.71077	-112.9172	44.2064	0.1510932	0.68717	0.31283	1.283469
1020	-72.90476	-116.6862	43.78148	0.7157487	0.228434	0.771566	1.165322
1026	-67.85681	-112.4501	44.5933	0.2907923	0.218101	0.781899	0.7546079
1032	-78.84512	-122.4584	43.61331	0.1669335	0.421316	0.578684	1.717852
1038	-80.365	-124.5755	44.21055	0.1783169	0.398279	0.601721	1.257607
1044	-70.84228	-114.4923	43.65	0.6758557	0.483513	0.516487	1.309224
1050	-75.04006	-118.9206	43.88052	0.2570302	0.342428	0.657572	1.456768
1056	-74.9272	-118.7327	43.80553	0.9600015	0.26224	0.73776	0.9044614
1062	-75.54439	-119.1677	43.62334	1.353029	0.26224	0.73776	0.5535549
1068	-72.56318	-116.4184	43.85518	1.08328	0.382341	0.617659	0.3669815
1074	-71.60955	-115.4934	43.88386	1.08328	0.40499	0.59501	0.5903062
1080	-68.57242	-112.2812	43.70883	1.175008	0.281955	0.718045	0.3101225
1086	-66.38389	-110.6878	44.3039	0.02435499	0.306839	0.693161	1.30728
1092	-68.32883	-112.3835	44.05468	0.1504962	0.340419	0.659581	1.404794
1098	-71.2898	-115.2863	43.99652	0.3134321	0.111933	0.888067	1.32205
1104	-70.96334	-114.9825	44.01911	0.4088563	0.51902	0.48098	1.224866
1110	-65.85819	-110.2123	44.35412	0.1860386	0.516288	0.483712	1.127243
1116	-61.96807	-106.6648	44.69677	0.1644677	0.249159	0.750841	0.7871409
1122	-66.41301	-110.1665	43.75349	0.3842068	0.448197	0.551803	1.456658
1128	-69.78081	-112.7952	43.01443	0.6975405	0.501592	0.498408	1.765733
1134	-76.86683	-120.5157	43.64891	0.6831235	0.387762	0.612238	1.304222
1140	-72.03441	-115.4494	43.415	0.2849169	0.535696	0.464304	1.774132
1146	-75.78178	-120.5924	44.81058	0.1178882	0.535696	0.464304	0.6813949
1152	-72.03608	-116.4477	44.41164	0.3425758	0.280188	0.719812	0.9170063
1158	-75.62722	-119.5036	43.87633	1.094698	0.25335	0.74665	0.576722
1164	-69.85343	-113.7027	43.84931	1.094698	0.265113	0.734887	0.6501745
1170	-71.44294	-115.8383	44.3954	0.5486093	0.393816	0.606184	0.6501745
1176	-67.16672	-110.9766	43.80993	0.3917265	0.268453	0.731547	1.407521
1182	-67.42103	-111.8609	44.43989	0.2173982	0.223895	0.776105	1.017435
1188	-65.5928	-110.3355	44.74271	0.2225594	0.285945	0.714055	0.5962597
1194	-65.17075	-109.779	44.60828	0.3006645	0.396898	0.603102	0.7157592
1200	-66.88662	-111.353	44.46634	0.134514	0.356239	0.643761	1.071575
1206	-73.59211	-117.8622	44.27006	0.1042625	0.399598	0.600402	1.269637
1212	-68.05017	-112.7289	44.67874	0.0239239	0.258758	0.741242	0.9718033
1218	-70.26848	-114.5572	44.28877	0.3428704	0.138102	0.861898	1.04236
1224	-68.88956	-113.2943	44.40472	0.551669	0.364422	0.635578	0.621154
1230	-71.33264	-115.6577	44.32502	0.06761803	0.269354	0.730646	1.254472
1236	-73.71819	-117.7291	44.01087	0.3817739	0.745275	0.254725	1.254472
1242	-66.69351	-111.3396	44.64611	0.3346566	0.380569	0.619431	0.5221713
1248	-66.35939	-111.1721	44.81267	0.09836038	0.353484	0.646516	0.712279
1254	-69.94397	-114.4011	44.45712	0.524239	0.313913	0.686087	0.5136344
1260	-71.66849	-115.3826	43.71411	1.260061	0.100908	0.899092	0.441042
1266	-68.37048	-112.897	44.52656	0.147434	0.4189	0.5811	1.000874
1272	-72.24449	-117.1298	44.88527	0.04727339	0.600963	0.399037	0.6736161
1278	-65.88466	-110.3576	44.47299	0.5019113	0.487212	0.512788	0.5607062
1284	-66.76071	-110.8244	44.06369	0.8952415	0.358225	0.641775	0.6144863
1290	-66.77224	-111.25	44.47771	0.1283706	0.46881	0.53119	1.066661
1296	-69.86588	-114.3039	44.43798	0.5364319	0.312824	0.687176	0.5629036
1302	-72.44365	-116.9735	44.52984	0.449751	0.585335	0.414665	0.4680925
1308	-69.26237	-113.1615	43.89916	1.076188	0.690163	0.309837	0.5586186
1314	-70.78353	-115.0005	44.21692	0.7247173	0.412482	0.587518	0.6552438
1320	-67.55322	-112.4656	44.91242	0.02921849	0.25206	0.74794	0.6552438
1326	-67.55173	-112.1346	44.58292	0.006067125	0.49227	0.50773	1.082649
1332	-63.18729	-107.4742	44.28691	0.2812331	0.337956	0.662044	1.10187
1338	-65.7284	-109.927	44.19858	0.6810677	0.31994	0.68006	0.3067461
1344	-74.13894	-117.3313	43.1924	1.582786	0.306595	0.693405	0.2434805
1350	-70.75344	-113.7545	43.00105	1.791204	0.302632	0.697368	0.251854
1356	-75.85516	-118.9235	43.06838	1.791204	0.614192	0.385808	0.2917991
1362	-72.64156	-116.4871	43.8455	1.113941	0.301156	0.698844	0.4017425
1368	-64.90406	-108.7042	43.80015	1.159286	0.430443	0.569557	0.4017425
1374	-73.82643	-117.5029	43.67642	1.3052	0.421279	0.578721	0.4927533
1380	-73.58923	-117.4313	43.8421	0.7987612	0.364436	0.635564	1.033466
1386	-77.96589	-121.9497	43.98383	0.09850924	0.401971	0.598029	1.498493
1392	-68.3544	-112.8204	44.466	0.4617443	0.34676	0.65324	0.6827534
1398	-79.32795	-123.1778	43.84981	0.5140898	0.402758	0.597242	1.278217
1404	-77.32479	-120.9845	43.65966	1.320258	0.263181	0.736819	0.5306335
1410	-76.90043	-120.2068	43.30641	1.673511	0.498622	0.501378	0.5306335
1416	-75.02108	-117.9639	42.94282	1.673511	0.385984	0.614016	0.1846673
1422	-71.09345	-114.3694	43.27595	1.673511	0.385984	0.614016	0.3835147
1428	-73.23795	-116.284	43.04607	1.576696	0.582003	0.417997	0.1865651
1434	-69.1504	-112.9822	43.8318	0.5987738	0.432233	0.567767	1.222664
1440	-67.83251	-111.6597	43.8272	1.151192	0.409114	0.590886	0.5419053
1446	-68.92619	-112.8654	43.93917	1.041149	0.405152	0.594848	0.473955
1452	-72.25016	-116.1012	43.85108	0.5233687	0.671667	0.328333	1.269536
1458	-70.67481	-114.5886	43.91378	0.4605961	0.438246	0.561754	1.2696
1464	-75.0541	-118.96	43.90589	0.424985	0.557213	0.442787	1.30516
1470	-73.97636	-117.2936	43.31725	0.7060771	0.292931	0.707069	1.542458
1476	-73.57958	-117.274	43.6944	0.3567876	0.372252	0.627748	1.521785
1482	-81.30093	-124.9177	43.61677	0.8834801	0.411245	0.588755	1.162667
1488	-80.50917	-124.5198	44.01059	0.322256	0.65755	0.34245	1.303566
1494	-81.94537	-124.3307	42.38529	1.107041	0.378677	0.621323	1.916528
1500	-82.31062	-125.7423	43.43166	0.1059077	0.552498	0.447502	1.885834
1506	-83.84238	-128.2535	44.41116	0.3999942	0.449736	0.550264	0.8514459
1512	-84.57409	-128.6818	44.10769	0.2738735	0.35081	0.64919	1.263658
1518	-75.92328	-120.0802	44.15688	0.2450623	0.343378	0.656622	1.246721
1524	-78.30687	-122.8044	44.49751	0.1138499	0.449669	0.550331	1.061685
1530	-71.74722	-115.5729	43.82564	1.144014	0.358045	0.641955	0.4262868
1536	-70.15876	-114.03	43.87129	1.086557	0.176681	0.823319	0.3985541
1542	-68.41984	-112.729	44.30914	0.6190254	0.298398	0.701602	0.6819547
1548	-61.00457	-105.5461	44.54156	0.1179829	0.395251	0.604749	1.015211
1554	-67.00982	-110.9452	43.93541	0.547682	0.395251	0.604749	1.177652
1560	-65.3214	-109.7528	44.43142	0.3183464	0.479008	0.520992	0.9218852
1566	-65.38016	-110.0476	44.66743	0.08233842	0.457752	0.542248	0.9218852
1572	-69.69647	-113.4956	43.79917	0.9505928	0.314526	0.685474	0.9218852
1578	-69.29525	-113.3011	44.00583	0.9505928	0.253241	0.746759	0.3958044
1584	-62.57833	-107.2109	44.63254	0.142659	0.384431	0.615569	0.8935664
1590	-73.1341	-117.3112	44.1771	0.3273569	0.211083	0.788917	1.158971
1596	-70.63257	-114.1079	43.47534	0.6376119	0.409359	0.590641	1.475433
1602	-74.77357	-118.9329	44.15937	0.5957128	0.0467215	0.953279	0.9160483
1608	-67.03721	-111.0471	44.00988	0.6256512	0.35983	0.64017	1.038612
1614	-69.95489	-114.5704	44.61555	0.01997668	0.514076	0.485924	1.038612
1620	-72.7902	-116.8365	44.04628	0.01552129	0.339311	0.660689	1.513868
1626	-66.00467	-110.7612	44.75654	0.006287614	0.310072	0.689928	0.9074817
1632	-69.65406	-114.3775	44.72347	0.1268665	0.475579	0.524421	0.801844
1638	-65.23206	-109.8361	44.60405	0.07643547	0.50726	0.49274	0.9943661
1644	-66.98187	-110.4919	43.51005	1.332721	0.433682	0.566318	0.2805553
1650	-70.59338	-114.1992	43.60582	1.332721	0.35789	0.64211	0.3670882
1656	-69.92983	-114.2175	44.2877	0.6861883	0.331511	0.668489	0.4400095
1662	-68.15501	-112.8463	44.69128	0.1887567	0.536498	0.463502	0.7605835
1668	-68.13519	-112.8971	44.76187	0.2166353	0.508449	0.491551	0.5411882
1674	-71.50294	-116.1226	44.61964	0.1006823	0.364975	0.635025	0.9534315
1680	-72.16326	-116.3371	44.17387	0.5464527	0.602403	0.397597	0.9534315
1686	-66.38765	-110.5929	44.20525	0.5142988	0.268034	0.731966	0.9542424
1692	-69.02553	-112.8269	43.80138	0.9181707	0.534873	0.465127	0.9542424
1698	-79.71097	-122.7437	43.0327	0.294505	0.608323	0.391677	2.027144
1704	-76.66099	-120.3761	43.71512	0.6454896	0.530006	0.469994	1.280915
1710	-83.58328	-126.9307	43.34738	1.013238	0.457571	0.542429	1.280915
1716	-85.48283	-128.6221	43.13924	1.455793	0.457571	0.542429	1.077011
1722	-78.53809	-122.267	43.72889	0.9355031	0.556572	0.443428	1.01042
1728	-75.18215	-119.6378	44.45569	0.2329032	0.28083	0.71917	0.9861806
1734	-76.39405	-120.5057	44.11163	0.006885548	0.292084	0.707916	1.471225
1740	-78.10528	-122.2258	44.1205	0.6305353	0.219187	0.780813	0.9204968
1746	-79.43023	-122.8457	43.41551	1.529789	0.303028	0.696972	0.3769037
1752	-79.51126	-122.8897	43.37839	1.566903	0.229996	0.770004	0.3769037
1758	-83.29406	-127.5021	44.20806	0.2140447	0.552279	0.447721	1.229815
1764	-76.34135	-120.3186	43.97728	0.406055	0.292487	0.707513	1.262189
1770	-77.51775	-121.644	44.12626	0.3687369	0.22352	0.77648	1.167269
1776	-73.08078	-116.4722	43.39145	0.08287959	0.240633	0.759367	1.928694
1782	-73.17331	-117.7009	44.52763	0.04303789	0.270988	0.729012	1.099556
1788	-78.26549	-121.521	43.25551	1.566937	0.395975	0.604025	0.268197
1794	-71.39142	-114.9939	43.60249	1.359469	0.528412	0.471588	0.4070766
1800	-68.9932	-113.2331	44.2399	0.7320983	0.223215	0.776785	0.5729957
1806	-71.65273	-116.1213	44.46856	0.01062164	0.280575	0.719425	1.181039
1812	-71.12243	-115.3511	44.22863	0.064411	0.391372	0.608628	1.335604
1818	-69.23084	-112.8676	43.63672	0.1463681	0.330048	0.669952	1.715843
1824	-70.76551	-115.0327	44.26716	0.3215753	0.265236	0.734764	1.082881
1830	-65.42357	-109.702	44.27846	0.00800045	0.532854	0.467146	1.340862
1836	-68.12051	-112.2999	44.17941	0.0949486	0.569183	0.430817	1.350489
1842	-69.81994	-114.0749	44.25499	0.01936857	0.479507	0.520493	1.350489
1848	-65.82351	-110.6573	44.83382	0.03168918	0.301099	0.698901	0.7812454
1854	-64.29534	-108.8088	44.5135	0.3520152	0.301991	0.698009	0.7812454
1860	-68.1486	-112.3672	44.21859	0.3218538	0.439815	0.560185	1.126984
1866	-65.63954	-110.349	44.7095	0.02684629	0.439815	0.560185	0.9364066
1872	-74.80927	-118.6225	43.81326	0.8391314	0.646338	0.353662	1.022237
1878	-68.55294	-112.4358	43.88288	0.7638343	0.519242	0.480758	1.027777
1884	-78.94287	-122.7702	43.82733	0.8193847	0.204589	0.795411	1.027777
1890	-77.7888	-121.7515	43.9627	1.003063	0.261357	0.738643	0.5947405
1896	-79.82834	-123.3156	43.48728	1.003063	0.46753	0.53247	1.17134
1902	-77.72196	-121.5327	43.81071	0.1396913	0.513803	0.486197	1.595981
1908	-78.93196	-122.7114	43.77948	0.1709151	0.53823	0.46177	1.595981
1914	-83.14849	-125.8081	42.65956	1.40004	0.488285	0.511715	1.515509
1920	-77.43686	-121.0255	43.58866	0.4283623	0.537091	0.462909	1.547119
1926	-74.977	-119.1968	44.21984	0.6969287	0.258984	0.741016	0.7024918
1932	-67.54763	-111.8041	44.25643	0.6969287	0.421538	0.578462	0.6287173
1938	-69.50187	-113.6789	44.177	0.7259748	0.491927	0.508073	0.725498
1944	-69.46368	-114.0879	44.62427	0.2051483	0.478579	0.521421	0.8288982
1950	-69.48365	-113.7559	44.27226	0.02738097	0.424658	0.575342	1.330328
1956	-73.22609	-117.3981	44.17202	0.2458434	0.312126	0.687874	1.233388
1962	-75.2485	-119.2044	43.95591	0.4619503	0.548316	0.451684	1.233388
1968	-75.08621	-119.4576	44.37136	0.3801928	0.377457	0.622543	0.9199339
1974	-80.10254	-124.1794	44.07685	0.6746988	0.224851	0.775149	0.9199339
1980	-79.66417	-123.7945	44.13029	0.7769853	0.483468	0.516532	0.7185158
1986	-76.30243	-120.4937	44.19123	0.7769853	0.265103	0.734897	0.4222635
1992	-74.81236	-118.8229	44.01054	0.8892316	0.39745	0.60255	0.7306123
1998	-70.86277	-115.2424	44.37966	0.480196	0.552411	0.447589	0.7890317
2004	-69.18539	-112.6066	43.42124	1.345798	0.291458	0.708542	0.90278
2010	-68.33454	-112.5331	44.19856	0.436376	0.564362	0.435638	1.039189
2016	-66.01438	-110.2108	44.19645	0.7692463	0.497518	0.502482	0.5949389
2022	-69.31492	-113.0363	43.72136	0.8758679	0.392696	0.607304	1.074969
2028	-68.3275	-111.9876	43.66008	0.1268591	0.265986	0.734014	1.713128
2034	-70.43152	-114.664	44.23245	0.646491	0.322653	0.677347	0.7621726
2040	-66.7442	-110.7078	43.96362	0.9817923	0.352746	0.647254	0.647103
2046	-69.00334	-113.2466	44.24321	0.7021995	0.348412	0.651588	0.647103
2052	-78.3574	-122.1998	43.84241	0.4839659	0.122652	0.877348	1.308801
2058	-77.86383	-121.8063	43.94252	0.1434825	0.122652	0.877348	1.49575
2064	-78.12711	-122.1839	44.05675	0.02924338	0.478467	0.521533	1.49575
2070	-77.60891	-121.5394	43.93047	0.844612	0.473315	0.526685	0.8937036
2076	-79.02039	-122.3065	43.28615	0.1332296	0.363388	0.636612	1.965659
2082	-72.6706	-115.846	43.17538	0.2439954	0.349067	0.650933	1.965659
2088	-76.77614	-120.4435	43.66737	0.5522738	0.46116	0.53884	1.393533
2094	-75.32513	-119.3734	44.04827	0.5237051	0.561467	0.438533	1.098357
2100	-71.81305	-115.4538	43.64078	0.6829826	0.417578	0.582422	1.310919
2106	-70.74439	-114.4163	43.67196	1.089958	0.309213	0.690787	0.908486
2112	-67.5153	-112.0716	44.55626	0.2166681	0.45912	0.54088	0.8961432
2118	-70.05317	-114.4494	44.39622	0.5776725	0.180879	0.819121	0.5652027
2124	-73.37098	-117.8887	44.51767	0.3977347	0.302166	0.697834	0.339308
2130	-72.76387	-117.1098	44.34594	0.320797	0.486622	0.513378	1.008096
2136	-70.4104	-115.0486	44.63816	0.2571245	0.514239	0.485761	0.7376442
2142	-72.44715	-116.8405	44.39333	0.2521647	0.730049	0.269951	1.028961
2148	-70.58136	-114.7623	44.18094	0.7444788	0.481648	0.518352	0.687054
2154	-75.74724	-119.8882	44.141	0.6558173	0.197137	0.802863	0.8685823
2160	-78.09162	-122.0663	43.97463	0.1921757	0.358888	0.641112	1.434407
2166	-76.62784	-120.4177	43.78987	0.4241755	0.463681	0.536319	1.397894
2172	-68.40204	-112.4535	44.0515	0.84907	0.303147	0.696853	0.7293521
2178	-74.42301	-118.727	44.30403	0.5965333	0.755961	0.244039	0.7293521
2184	-69.52197	-113.7034	44.18141	0.3622371	0.476516	0.523484	1.124105
2190	-68.97453	-113.106	44.13148	0.4996953	0.240218	0.759782	1.042806
2196	-70.63019	-114.4188	43.78861	0.8905729	0.447007	0.552993	0.9956811
2202	-71.6003	-114.6509	43.05062	1.654154	0.494667	0.505333	0.2138811
2208	-67.45659	-111.4168	43.96017	0.9746159	0.494667	0.505333	0.3620365
2214	-67.24074	-110.8468	43.60602	1.24432	0.355636	0.644364	0.2854867
2220	-71.67918	-114.8968	43.21766	1.24432	0.729686	0.270314	0.1466735
2226	-69.12432	-113.9575	44.83322	0.1248914	0.498338	0.501662	0.6166522
2232	-68.96748	-113.4943	44.52681	0.4544954	0.199445	0.800555	0.485741
2238	-69.58047	-114.3726	44.7921	0.1789593	0.214562	0.785438	0.5766294
2244	-68.32589	-112.3743	44.04837	0.926165	0.231756	0.768244	0.5623492
2250	-70.06202	-114.8904	44.82838	0.06309751	0.301624	0.698376	0.7435052
2256	-71.33519	-115.0573	43.72214	0.3364885	0.359958	0.640042	1.516239
2262	-68.56559	-112.8757	44.31009	0.3111201	0.430585	0.569415	1.05234
2268	-72.69735	-116.8545	44.15713	0.3699909	0.243929	0.756071	1.138908
2274	-74.58355	-118.7675	44.1839	0.1902925	0.163895	0.836105	1.269747
2280	-69.77141	-114.012	44.2406	0.2425918	0.193555	0.806445	1.177562
2286	-71.68269	-115.5076	43.82495	0.5770024	0.370858	0.629142	1.246712
2292	-70.7806	-115.1809	44.40032	0.5770024	0.370858	0.629142	0.5483843
2298	-72.14002	-116.1677	44.02771	0.03963459	0.455552	0.544448	1.509731
2304	-65.14411	-109.7439	44.59976	0.2349808	0.455552	0.544448	0.8221425
2310	-66.70047	-111.4618	44.76129	0.123098	0.50807	0.49193	0.7541747
2316	-64.62111	-108.9698	44.34867	0.1317001	0.462234	0.537766	1.180012
2322	-68.81907	-113.428	44.60898	0.3654356	0.582127	0.417873	0.5628868
2328	-68.93179	-113.7495	44.81768	0.03748061	0.159398	0.840602	0.7953942
2334	-66.20534	-110.047	43.84165	0.7880224	0.481499	0.518501	1.044249
2340	-71.75612	-115.3173	43.56121	0.3718542	0.558591	0.441409	1.608577
2346	-74.08994	-118.1103	44.02035	0.8194499	0.553235	0.446765	0.8156549
2352	-71.31988	-115.9993	44.67943	0.1603634	0.769256	0.230744	0.8156549
2358	-70.26764	-114.2453	43.97765	0.2363236	0.226933	0.773067	1.397952
2364	-77.99804	-122.0847	44.08665	0.4376792	0.727449	0.272551	1.141395
2370	-72.73797	-117.2227	44.48473	0.03960456	0.361217	0.638783	1.141395
2376	-70.61174	-114.8051	44.19336	0.3309678	0.375801	0.624199	1.141395
2382	-68.83874	-113.0808	44.24209	0.5632025	0.459254	0.540746	0.8585105
2388	-67.87916	-111.2566	43.37747	0.4898398	0.172536	0.827464	1.655975
2394	-73.88947	-117.7972	43.90774	0.3038323	0.646858	0.353142	1.399822
2400	-85.27105	-129.4393	44.16823	0.05302408	0.403912	0.596088	1.392282
2406	-83.21619	-127.4242	44.20799	0.05820677	0.525474	0.474526	1.35696
2412	-73.50347	-117.0429	43.53945	1.131995	0.323805	0.676195	1.003421
2418	-72.9248	-117.3477	44.42293	0.2485101	0.419502	0.580498	1.003421
2424	-76.47449	-119.9942	43.51968	1.151763	0.252306	0.747694	1.003421
2430	-75.99036	-119.6646	43.67422	0.3110903	0.591369	0.408631	1.570466
2436	-72.17064	-116.449	44.2784	0.3571148	0.300901	0.699099	1.038624
2442	-69.19687	-113.2818	44.08497	0.7729708	0.392878	0.607122	0.7916468
2448	-68.79973	-112.7059	43.90615	0.9873676	0.512045	0.487955	0.7403824
2454	-66.59787	-111.3171	44.71923	0.1117302	0.281062	0.718938	0.8269443
2460	-69.35084	-114.0987	44.74781	0.08314934	0.281062	0.718938	0.8269443
2466	-66.24075	-110.6089	44.36814	0.5260496	0.320236	0.679764	0.7393393
2472	-67.78864	-112.6534	44.8648	0.02939286	0.436287	0.563713	0.7393393
2478	-64.92865	-109.2698	44.34115	0.3198337	0.464154	0.535846	1.013792
2484	-66.8353	-110.8099	43.97462	0.1913783	0.4546	0.5454	1.435027
2490	-67.91565	-112.196	44.28032	0.5170975	0.4546	0.5454	0.8678738
2496	-69.64783	-113.6807	44.03292	0.8616227	0.512285	0.487715	0.7388023
2502	-64.09502	-108.523	44.42801	0.3952098	0.291399	0.708601	0.8366461
2508	-70.69012	-114.6903	44.00014	0.2857209	0.289513	0.710487	1.34134
2514	-67.75798	-111.6403	43.88233	0.5906126	0.30066	0.69934	1.186445
2520	-68.4542	-112.7884	44.33425	0.2552795	0.270692	0.729308	1.082144
2526	-69.88789	-114.185	44.29716	0.3702037	0.153009	0.846991	1.007483
2532	-70.29861	-114.354	44.05544	0.1999279	0.433168	0.566832	1.365519
2538	-66.04781	-109.9633	43.91553	0.122675	0.340596	0.659404	1.531433
2544	-72.89021	-116.5212	43.63102	0.9434683	0.2121	0.7879	1.096044
2550	-73.67148	-117.3909	43.71947	0.7476569	0.238453	0.761547	1.191464
2556	-72.49162	-115.9314	43.43981	0.3615594	0.174294	0.825706	1.702927
2562	-67.12639	-110.996	43.86961	0.4939315	0.468656	0.531344	1.278509
2568	-64.99971	-109.2129	44.21319	0.2460533	0.476387	0.523613	1.198244
2574	-66.77423	-110.9294	44.15515	0.7617873	0.247192	0.752808	0.7021963
2580	-66.84008	-110.7328	43.89274	0.9888165	0.584002	0.415998	0.7583539
2586	-70.78657	-114.4609	43.67433	1.207223	0.415339	0.584661	0.7583539
2592	-75.59708	-119.106	43.5089	1.381915	0.634328	0.365672	0.7445114
2598	-67.29558	-111.0072	43.71159	1.24769	0.430406	0.569594	0.6135392
2604	-65.25412	-109.9514	44.69727	0.1285829	0.464078	0.535922	0.8333734
2610	-65.67447	-110.336	44.66157	0.2669503	0.534487	0.465513	0.6812973
2616	-64.88816	-109.1628	44.27469	0.2824507	0.133371	0.866629	1.111901
2622	-67.32673	-111.4118	44.0851	0.4615951	0.142225	0.857775	1.121354
2628	-75.35995	-118.97	43.61008	0.3184372	0.730945	0.269055	1.611876
2634	-72.41973	-115.7683	43.34854	0.4919829	0.420361	0.579639	1.675113
2640	-73.12733	-117.1705	44.04317	0.9345057	0.451082	0.548918	0.4563525
2646	-67.25252	-110.6801	43.42754	0.4923616	0.382505	0.617495	1.618112
2652	-68.22187	-113.1465	44.92467	0.001938785	0.517383	0.482617	0.6848593
2658	-66.00488	-110.6961	44.69124	0.03117241	0.716424	0.283576	0.9512251
2664	-64.8414	-109.1979	44.35652	0.2055529	0.441702	0.558298	1.107415
2670	-68.67198	-112.9365	44.2645	0.5295956	0.316794	0.683206	0.8717706
2676	-69.584	-113.451	43.86702	0.6757843	0.40033	0.59967	1.124866
2682	-69.84039	-114.4742	44.63384	0.09651707	0.267322	0.732678	0.9428081
2688	-71.4799	-115.2812	43.80129	0.9477106	0.426683	0.573317	0.922722
2694	-71.9388	-115.4525	43.51365	1.449773	0.493518	0.506482	0.6018381
2700	-72.75964	-116.3297	43.57005	1.006293	0.438839	0.561161	1.094343
2706	-70.85453	-115.0775	44.22293	0.09324653	0.465636	0.534364	1.317039
2712	-70.90192	-114.9243	44.02233	0.8340789	0.726856	0.273144	0.7937138
2718	-70.27819	-113.6756	43.39736	1.051753	0.537873	0.462127	1.206908
2724	-70.40852	-114.3826	43.97411	0.4750011	0.3382	0.6618	1.206908
2730	-77.21511	-120.6705	43.45543	0.673354	0.206863	0.793137	1.463436
2736	-85.32483	-128.4546	43.12974	0.9041016	0.217382	0.782618	1.534671
2742	-72.51861	-117.0872	44.56856	0.005452742	0.335281	0.664719	1.096483
2748	-72.72659	-116.3911	43.66451	0.001109518	0.275612	0.724388	1.797948
2754	-70.18801	-114.0575	43.86948	0.002135753	0.51194	0.48806	1.652891
2760	-71.5589	-115.8085	44.24961	0.3423517	0.158262	0.841738	1.079875
2766	-68.34885	-112.7619	44.41304	0.3672817	0.50002	0.49998	0.8877317
2772	-67.2118	-112.0057	44.79392	0.1271414	0.136987	0.863013	0.6949311
2778	-75.65323	-118.7867	43.13342	0.681336	0.12927	0.87073	1.693434
2784	-73.93996	-118.1751	44.23518	0.4164475	0.613797	0.386203	1.022977
2790	-76.95872	-121.2504	44.2917	0.03145328	0.172418	0.827582	1.311413
2796	-76.20368	-119.4996	43.29593	0.02618425	0.241286	0.758714	2.030522
2802	-74.84864	-118.1757	43.32709	0.3552049	0.546151	0.453849	1.786383
2808	-77.13119	-121.8744	44.7432	0.2119222	0.238257	0.761743	0.6243708
2814	-73.22857	-116.5164	43.28778	0.3252699	0.713926	0.286074	1.834217
2820	-66.1677	-109.9943	43.82664	0.2981076	0.341145	0.658855	1.466497
2826	-69.27198	-113.0098	43.73781	0.6015303	0.486926	0.513074	1.298288
2832	-72.448	-116.4288	43.98077	0.6756474	0.189178	0.810822	1.018289
2838	-71.26147	-114.8114	43.54992	0.7196808	0.371772	0.628228	1.354265
2844	-66.70491	-111.2847	44.57976	0.2945586	0.236109	0.763891	0.7688371
2850	-72.42161	-117.3836	44.96202	0.0135987	0.363316	0.636684	0.5573144
2856	-73.13094	-117.5515	44.42055	0.2814757	0.337662	0.662338	0.9724624
2862	-63.85885	-108.1307	44.27182	0.2814757	0.292221	0.707779	1.115392
2868	-67.34316	-111.6072	44.26399	0.4683654	0.460446	0.539554	0.9406803
2874	-64.51165	-109.1695	44.65785	0.07450725	0.200527	0.799473	0.9406803
2880	-67.79244	-111.6184	43.82596	0.4998833	0.42991	0.57009	1.309234
2886	-79.39346	-123.2961	43.90261	1.0791	0.174266	0.825734	0.5021532
2892	-74.01042	-117.562	43.55155	0.9539434	0.279819	0.720181	1.158066
2898	-66.9499	-111.5823	44.6324	0.2650659	0.470111	0.529889	0.7342548
2904	-65.72765	-109.4133	43.68562	0.4051912	0.46621	0.53379	1.49213
2910	-71.65553	-115.6866	44.0311	0.7621353	0.472251	0.527749	0.8727832
2916	-66.59445	-110.7339	44.13947	0.6891462	0.424493	0.575507	0.8298987
2922	-71.73945	-116.4063	44.66684	0.2718677	0.364101	0.635899	0.6613202
2928	-69.67897	-113.2406	43.56164	1.289313	0.257009	0.742991	0.801025
2934	-69.30928	-113.1167	43.80745	1.16873	0.367178	0.632822	0.4491699
2940	-69.18058	-113.3022	44.12159	0.7359919	0.567265	0.432735	0.7921332
2946	-69.99658	-113.6764	43.67979	1.154577	0.52371	0.47629	0.8226275
2952	-69.1488	-113.2231	44.07425	0.7601083	0.52371	0.47629	0.8226275
2958	-71.97791	-115.729	43.75108	0.6969402	0.488071	0.511929	1.207842
2964	-70.21802	-114.0943	43.87633	1.104697	0.475888	0.524112	0.4815948
2970	-65.36305	-108.9134	43.55032	1.248747	0.400943	0.599057	0.2553613
2976	-67.20754	-110.5764	43.36889	1.468906	0.461253	0.538747	0.2774149
2982	-72.30498	-115.6739	43.36889	1.468906	0.817126	0.182874	0.2774149
2988	-70.6563	-114.1554	43.49911	1.361641	0.319068	0.680932	0.2926179
2994	-69.17813	-112.8629	43.68482	1.118768	0.354816	0.645184	0.2577386
3000	-69.00754	-111.452	42.44443	2.030754	0.178233	0.821767	0.1494511
3006	-72.98807	-115.7044	42.71635	2.030754	0.409063	0.590937	0.2308164
3012	-76.45986	-118.9443	42.48447	2.030754	0.2374	0.7626	0.1583503
3018	-77.61483	-120.2504	42.63561	2.030754	0.537511	0.462489	0.2003098
3024	-76.57568	-120.9246	44.34892	0.3450488	0.351529	0.648471	0.9807106
3030	-75.20492	-117.9834	42.77844	0.2034613	0.409134	0.590866	2.252504
3036	-76.24314	-119.9984	43.75526	0.1016657	0.581841	0.418159	1.663406
3042	-78.81978	-121.822	43.00225	0.4090727	0.344211	0.655789	1.971059
3048	-79.84917	-123.518	43.66881	0.8211394	0.281137	0.718863	1.171683
3054	-83.10107	-127.2008	44.09976	0.7611256	0.590882	0.409118	0.7876315
3060	-82.52182	-126.3776	43.85581	1.125674	0.723262	0.276738	0.4891865
3066	-85.50723	-130.0771	44.56988	0.3634496	0.520176	0.479824	0.6720877
3072	-76.12403	-120.5691	44.44511	0.0167855	0.312805	0.687195	1.195966
3078	-79.84187	-123.1999	43.35803	0.9452474	0.261914	0.738086	1.32741
3084	-71.0861	-115.1219	44.03577	0.9452474	0.407141	0.592859	0.4814808
3090	-68.9851	-112.5951	43.61003	1.365036	0.400098	0.599902	0.5599403
3096	-70.41599	-114.446	44.03003	0.7642301	0.400098	0.599902	0.8715804
3102	-71.12542	-115.3347	44.20926	0.7642301	0.660288	0.339712	0.5669443
3108	-79.97969	-123.3637	43.38396	1.487819	0.624875	0.375125	0.3006624
3114	-80.02781	-123.6233	43.59545	1.362535	0.528622	0.471378	0.6169908
3120	-81.37389	-124.9393	43.56537	0.8600714	0.54437	0.45563	1.227
3126	-75.87134	-120.0258	44.15444	0.5821427	0.494719	0.505281	0.9361555
3132	-71.03516	-114.4776	43.44248	0.5470505	0.354585	0.645415	1.567366
3138	-71.10432	-114.6843	43.57997	0.4105624	0.251246	0.748754	1.566634
3144	-68.59543	-112.8818	44.28641	0.6134377	0.329453	0.670547	0.7304898
3150	-68.40551	-112.5713	44.1658	0.2669617	0.612352	0.387648	1.220812
3156	-68.98543	-113.1545	44.16908	0.6519971	0.370153	0.629847	0.8393088
3162	-77.33897	-121.4683	44.12931	0.8514656	0.471171	0.528829	0.5220676
3168	-74.82297	-117.9705	43.1475	1.244407	0.495533	0.504467	1.255084
3174	-72.43342	-116.1573	43.72384	1.102223	0.382064	0.617936	0.8331062
3180	-74.4063	-118.273	43.86675	1.102223	0.296571	0.703429	0.424358
3186	-70.60139	-114.7774	44.17603	0.705499	0.499296	0.500704	0.7583889
3192	-76.0248	-120.1376	44.11284	0.71499	0.666558	0.333442	0.8308977
3198	-74.22988	-117.85	43.6201	1.238443	0.548196	0.451804	0.7908276
3204	-77.80857	-120.7725	42.96397	1.572668	0.209537	0.790463	0.1634293
3210	-71.16386	-115.0507	43.88689	1.02868	0.40189	0.59811	0.7045497
3216	-66.33067	-110.7528	44.42215	0.4027444	0.4115	0.5885	0.834571
3222	-66.51073	-110.4392	43.92845	0.06766159	0.259312	0.740688	1.562537
3228	-68.80926	-113.7229	44.91369	0.01183575	0.386456	0.613544	0.686864
3234	-67.1712	-111.9165	44.74529	0.2085791	0.302372	0.697628	0.6274644
3240	-65.46292	-109.7215	44.25858	0.6193388	0.175718	0.824282	0.7636547
3246	-65.16869	-109.6996	44.53094	0.2461326	0.270779	0.729221	0.8914429
3252	-68.75738	-112.8896	44.13225	0.6448226	0.714099	0.285901	0.8914429
3258	-68.63538	-113.0865	44.45112	0.3594431	0.412689	0.587311	0.8521703
3264	-69.70456	-114.283	44.57845	0.3295735	0.538643	0.461357	0.7172795
3270	-68.81438	-113.0487	44.23432	0.1107108	0.50096	0.49904	1.293657
3276	-76.44403	-120.9308	44.4868	0.4672122	0.243619	0.756381	0.6271158
3282	-69.53736	-113.5228	43.98544	0.8783577	0.465276	0.534724	0.7836282
3288	-73.23339	-117.1182	43.88477	1.089301	0.613319	0.386681	0.4406735
3294	-72.35122	-116.236	43.88477	1.089301	0.605122	0.394878	0.4406735
3300	-71.86077	-116.1475	44.28672	0.6582773	0.431643	0.568357	0.6480245
3306	-75.51942	-119.3606	43.84119	1.140227	0.335024	0.664976	0.5123917
3312	-71.2864	-114.9495	43.6631	1.257244	0.459913	0.540087	0.3446499
3318	-75.76992	-118.5857	42.81574	1.889257	0.425276	0.574724	0.2139657
3324	-74.6795	-118.2053	43.5258	1.097352	0.502019	0.497981	0.1866813
3330	-69.95251	-113.9874	44.0349	0.8565594	0.340436	0.659564	0.743532
3336	-70.55848	-114.4894	43.93088	1.029765	0.22595	0.77405	0.6098051
3342	-68.83128	-113.131	44.29968	0.567818	0.182294	0.817706	0.7784853
3348	-71.81259	-116.282	44.46937	0.4010044	0.264208	0.735792	0.7744345
3354	-69.71165	-113.518	43.80634	1.171018	0.390619	0.609381	0.5481563
3360	-70.80196	-114.4276	43.62561	1.265361	0.477388	0.522612	0.7442838
3366	-73.75061	-117.7226	43.97196	0.9190136	0.477388	0.522612	0.7442838
3372	-75.11642	-118.7117	43.59533	1.295642	0.440076	0.559924	0.7442838
3378	-71.11074	-114.5575	43.44674	1.525362	0.39846	0.60154	0.4338097
3384	-64.93298	-108.545	43.61202	0.8203289	0.492534	0.507466	1.221164
3390	-72.81837	-116.9831	44.16474	0.3099197	0.0240511	0.975949	1.184963
3396	-70.76298	-114.3048	43.54179	0.9328692	0.733003	0.266997	1.184963
3402	-71.35824	-115.9513	44.59307	0.03453492	0.368018	0.631982	1.046226
3408	-75.88871	-119.4685	43.57977	0.8017157	0.592975	0.407025	1.263723
3414	-81.01448	-124.7108	43.69636	1.20555	0.500716	0.499284	0.727208
3420	-71.9763	-115.3963	43.41998	1.525326	0.322921	0.677079	0.3769143
3426	-75.23162	-118.4257	43.19407	1.525326	0.352167	0.647833	0.2194707
3432	-72.79245	-116.248	43.45556	1.525326	0.391638	0.608362	0.4797872
3438	-66.07532	-110.1232	44.0479	0.722413	0.309209	0.690791	0.899094
3444	-69.02345	-113.1399	44.11643	0.8524444	0.575873	0.424127	0.4240829
3450	-66.25831	-109.9919	43.73358	1.235293	0.336512	0.663488	0.4240829
3456	-68.47424	-112.5545	44.08029	0.8316452	0.293647	0.706353	0.7107504
3462	-70.20001	-114.3238	44.12379	0.646666	0.31739	0.68261	0.8989321
3468	-73.72356	-117.7852	44.06167	0.01546372	0.462884	0.537116	1.502401
3474	-68.1917	-112.6775	44.48582	0.01980757	0.306944	0.693056	1.157944
3480	-72.52018	-116.3697	43.84953	1.127132	0.445177	0.554823	0.4513795
3486	-69.41079	-113.345	43.93418	0.8219243	0.462972	0.537028	0.9149249
3492	-69.12376	-113.0069	43.88315	1.07267	0.243508	0.756492	0.6225839
3498	-71.81729	-116.3665	44.54921	0.4066107	0.411006	0.588994	0.6225839
3504	-73.83511	-117.8863	44.05115	0.8818538	0.304927	0.695073	0.6727143
3510	-72.16434	-116.2692	44.10485	0.3636879	0.200166	0.799834	1.190242
3516	-72.11098	-116.0625	43.95155	0.7891893	0.427203	0.572797	0.9316902
3522	-71.22438	-115.3947	44.17034	0.6027813	0.452198	0.547802	0.8959287
3528	-74.36091	-118.3665	44.00556	0.8844102	0.529973	0.470027	0.7457993
3534	-77.40939	-121.3449	43.9355	0.954472	0.422674	0.577326	0.7457993
3540	-72.79761	-116.499	43.70139	1.245811	0.357509	0.642491	0.379867
3546	-67.04525	-111.6356	44.59037	0.1955522	0.417231	0.582769	0.8812872
3552	-68.64073	-112.7237	44.08295	0.8353999	0.366752	0.633248	0.6997268
3558	-67.62667	-111.9499	44.32324	0.5096868	0.569453	0.430547	0.8244579
3564	-71.10598	-115.0895	43.98351	0.008215146	0.401242	0.598758	1.565757
3570	-67.3913	-111.6452	44.25386	0.5401517	0.476002	0.523998	0.8718721
3576	-66.02819	-110.4972	44.46901	0.281448	0.310413	0.689587	0.9211312
3582	-68.47788	-112.6165	44.13859	0.6118638	0.308997	0.691003	0.9211312
3588	-65.51076	-109.3256	43.81487	1.166334	0.308997	0.691003	0.5162877
3594	-67.80523	-111.7349	43.9297	0.9382353	0.23839	0.76161	0.7778713
3600	-69.41518	-113.6229	44.2077	0.4050388	0.616611	0.383389	1.060375
3606	-68.1285	-112.2828	44.15425	0.4584881	0.650008	0.349992	1.060375
3612	-73.6484	-117.8663	44.21786	0.1067482	0.48816	0.51184	1.310233
3618	-75.69009	-119.815	44.1249	0.03216715	0.322737	0.677263	1.441876
3624	-77.14622	-120.5096	43.36342	0.2893844	0.281436	0.718564	1.806815
3630	-77.84813	-121.1744	43.32632	1.159814	0.136002	0.863998	1.175002
3636	-70.61569	-114.4895	43.87379	1.036377	0.574937	0.425063	0.7137233
3642	-74.12307	-118.1532	44.03014	0.9115382	0.187474	0.812526	0.6551561
3648	-68.24171	-112.2888	44.0471	0.9320058	0.482931	0.517069	0.4646999
3654	-69.81157	-114.0705	44.25892	0.5650248	0.333107	0.666893	0.8357447
3660	-71.3257	-115.883	44.5573	0.266651	0.349818	0.650182	0.8357447
3666	-72.83777	-117.2661	44.42832	0.244952	0.204135	0.795865	1.001599
3672	-72.32283	-116.7296	44.40673	0.4937618	0.523853	0.476147	0.7294641
3678	-72.64778	-116.4724	43.8246	0.6071318	0.124628	0.875372	1.22168
3684	-74.33948	-118.6933	44.3538	0.5971556	0.156601	0.843399	0.3860134
3690	-73.37637	-116.5251	43.14872	1.811442	0.266296	0.733704	0.6111243
3696	-70.07686	-113.9026	43.82577	1.134399	0.430158	0.569842	0.6111243
3702	-70.6212	-114.6542	44.03298	0.9361765	0.202155	0.797845	0.5835089
3708	-68.89826	-112.9424	44.04412	0.9361765	0.421059	0.578941	0.5271857
3714	-65.12993	-109.2998	44.1699	0.6997743	0.472963	0.527037	0.7754286
3720	-68.128	-112.4446	44.31661	0.646205	0.576537	0.423463	0.6036309
3726	-71.98942	-115.1588	43.16939	0.528132	0.376193	0.623807	1.775802
3732	-65.19029	-109.9901	44.79984	0.03122282	0.3703	0.6297	0.8268232
3738	-63.93526	-108.1459	44.21063	0.01066732	0.48671	0.51329	1.392242
3744	-65.83682	-109.7339	43.89708	0.7167737	0.48671	0.51329	1.059321
3750	-65.21658	-109.6154	44.39877	0.5821664	0.4416	0.5584	0.5200735
3756	-70.53852	-114.8793	44.34079	0.6248525	0.185838	0.814162	0.59511
3762	-76.63837	-119.7588	43.12047	1.84603	0.241805	0.758195	0.5923787
3768	-68.77149	-112.9803	44.20877	0.3680394	0.2432	0.7568	1.093909
3774	-74.18973	-118.4582	44.26851	0.3642828	0.371562	0.628438	1.041247
3780	-75.28961	-119.3197	44.03009	0.4916052	0.214121	0.785879	1.143734
3786	-67.85568	-112.0069	44.15117	0.2508927	0.302387	0.697613	1.246622
3792	-64.55727	-108.6853	44.12798	0.4152046	0.311294	0.688706	1.124518
3798	-67.47357	-111.833	44.35948	0.1837092	0.458456	0.541544	1.124518
3804	-68.83158	-112.9976	44.16607	0.2813297	0.184057	0.815943	1.208375
3810	-74.34017	-117.7548	43.41465	0.9119183	0.359229	0.640771	1.308652
3816	-76.26415	-120.4989	44.23475	0.3142634	0.572888	0.427112	1.119264
3822	-74.96653	-118.8027	43.83615	0.2178124	0.422861	0.577139	1.519715
3828	-77.42726	-121.8439	44.4166	0.4590657	0.154417	0.845583	0.7669139
3834	-81.52523	-125.5002	43.97496	0.8403786	0.556561	0.443439	0.8463664
3840	-76.35783	-119.8581	43.5003	1.018753	0.690648	0.309352	1.146086
3846	-68.00425	-112.4649	44.46062	0.05316503	0.665538	0.334462	1.150751
3852	-64.66432	-109.2442	44.5799	0.12986	0.528656	0.471344	0.9644662
3858	-61.31868	-105.4388	44.12014	0.5305239	0.327123	0.672877	1.023924
3864	-64.03017	-108.558	44.52783	0.4396873	0.392332	0.607668	0.5890642
3870	-65.36392	-109.552	44.1881	0.7298046	0.434271	0.565729	0.7005014
3876	-64.9781	-109.7554	44.77734	0.008579461	0.456272	0.543728	0.8812907
3882	-67.96413	-112.334	44.36988	0.06922917	0.45884	0.54116	1.215433
3888	-64.17199	-108.5886	44.41661	0.0245078	0.806107	0.193893	1.213718
3894	-64.6872	-109.172	44.48476	0.3634407	0.543108	0.456892	0.8046752
3900	-70.53707	-114.9877	44.4506	0.4800174	0.149461	0.850539	0.6773132
3906	-69.54305	-114.0674	44.52439	0.2166006	0.527331	0.472669	0.9314105
3912	-71.80494	-116.0644	44.25945	0.5451154	0.530901	0.469099	0.8593805
3918	-66.82703	-111.0006	44.17353	0.7718019	0.678587	0.321413	0.6472917
3924	-72.79154	-116.8727	44.0812	0.8641267	0.202123	0.797877	0.6472917
3930	-70.95752	-114.9675	44.00995	0.3401569	0.373178	0.626822	1.289514
3936	-75.95684	-119.7583	43.80149	0.5014287	0.253478	0.746522	1.327702
3942	-76.12099	-119.3539	43.23294	0.3152995	0.253478	0.746522	1.878574
3948	-71.04708	-115.3648	44.31775	0.4071077	0.415673	0.584327	0.9486459
3954	-68.16234	-112.1365	43.97417	0.9093177	0.222029	0.777971	0.7555056
3960	-64.82696	-108.8341	44.00716	0.9093177	0.436112	0.563888	0.7029943
3966	-66.51329	-110.3197	43.80639	0.2076269	0.345042	0.654958	1.549344
3972	-63.80664	-108.4643	44.65763	0.02624487	0.36191	0.63809	0.9909515
3978	-68.83166	-112.9305	44.09884	0.2415163	0.564951	0.435049	1.297462
3984	-67.23543	-111.0541	43.81871	0.9088828	0.5264	0.4736	0.9457458
3990	-65.06781	-109.3174	44.24964	0.6610965	0.155494	0.844506	0.7127692
3996	-73.77269	-117.2375	43.46479	0.7718352	0.142433	0.857567	1.380259
4002	-69.39965	-112.7736	43.37395	0.4797644	0.321669	0.678331	1.665699
4008	-68.94995	-112.5421	43.59216	1.117627	0.308328	0.691672	0.9644377
4014	-69.79519	-113.9238	44.12865	0.1636916	0.308328	0.691672	1.336169
4020	-74.92648	-119.5982	44.67177	0.06087536	0.616939	0.383061	0.9403698
4026	-74.26832	-118.4752	44.20687	0.7564537	0.152458	0.847542	0.6021544
4032	-69.71652	-113.706	43.98949	0.8454301	0.428127	0.571873	0.8219195
4038	-72.10618	-116.1109	44.00472	0.8454301	0.158025	0.841975	0.8020982
4044	-71.29732	-115.5247	44.22735	0.7532701	0.242306	0.757694	0.4768831
4050	-72.10584	-116.3755	44.26968	0.5893988	0.240888	0.759112	0.7900946
4056	-74.66898	-118.5077	43.83875	0.6038073	0.559364	0.440636	1.212494
4062	-72.84466	-116.6294	43.78478	0.8149586	0.167421	0.832579	1.072619
4068	-68.39775	-112.8557	44.45798	0.01010331	0.439008	0.560992	1.190638
4074	-61.62425	-105.9309	44.30669	0.1613947	0.238161	0.761839	1.190638
4080	-65.40177	-109.6597	44.25793	0.2101535	0.24597	0.75403	1.190638
4086	-64.93006	-109.352	44.42194	0.2407191	0.450382	0.549618	1.01214
4092	-66.60941	-111.1364	44.52703	0.2457536	0.450382	0.549618	0.8963055
4098	-67.10201	-111.427	44.32499	0.5781324	0.413632	0.586368	0.7252583
4104	-68.37158	-112.4562	44.0846	0.5883311	0.475133	0.524867	1.001934
4110	-66.50807	-110.856	44.34793	0.2315567	0.392643	0.607357	1.091442
4116	-70.67048	-114.3411	43.67062	0.9088704	0.223074	0.776926	1.091442
4122	-64.2058	-108.1495	43.94369	0.4898593	0.30025	0.69975	1.220146
4128	-70.62735	-115.072	44.44463	0.1173762	0.305208	0.694792	1.107473
4134	-71.15226	-114.5391	43.3868	0.2253969	0.290253	0.709747	1.834804
4140	-77.34865	-120.8171	43.46843	0.143765	0.2205	0.7795	1.834804
4146	-74.65624	-118.7523	44.09605	0.7861516	0.436214	0.563786	0.7574139
4152	-84.35475	-127.2622	42.90748	0.09615406	0.563309	0.436691	2.238525
4158	-82.55241	-126.1515	43.59905	0.1933479	0.364525	0.635475	1.709271
4164	-80.49259	-124.4466	43.95402	0.7248975	0.278125	0.721875	0.9959436
4170	-78.40332	-122.1503	43.74698	0.9761066	0.330939	0.669061	0.9505194
4176	-82.00897	-126.0204	44.01144	0.788939	0.636897	0.363103	0.8643663
4182	-73.07914	-117.0333	43.95419	0.9478361	0.565295	0.434705	0.7270253
4188	-67.39771	-111.7805	44.38281	0.3371109	0.423245	0.576755	0.953846
4194	-67.83739	-111.9033	44.06588	0.02837209	0.259651	0.740349	1.48954
4200	-72.67004	-116.3119	43.64185	0.6154098	0.30166	0.69834	1.364022
4206	-71.33199	-115.5311	44.19912	0.7710577	0.427892	0.572108	0.5798594
4212	-72.34653	-116.5504	44.20389	0.06406841	0.248428	0.751572	1.355564
4218	-74.93346	-118.6686	43.73516	0.1643622	0.134329	0.865671	1.632835
4224	-73.14571	-116.9771	43.83141	0.9063038	0.28369	0.71631	0.9349482
4230	-72.12065	-116.2709	44.15028	0.7923799	0.454816	0.545184	0.653071
4236	-66.27252	-110.5473	44.2748	0.4780613	0.449533	0.550467	0.9184977
4242	-68.38761	-112.7302	44.34263	0.370056	0.518983	0.481017	0.9614231
4248	-70.08469	-113.8138	43.72911	0.7854889	0.536018	0.463982	1.150031
4254	-75.72377	-118.9364	43.21259	0.1919439	0.536018	0.463982	1.975603
4260	-80.8658	-123.7042	42.83844	0.006789786	0.662063	0.337937	2.339866
4266	-79.99656	-123.0735	43.07697	0.04588824	0.287268	0.712732	2.161379
4272	-69.87419	-113.6349	43.76072	0.1617593	0.601286	0.398714	1.616247
4278	-70.15833	-113.5994	43.44105	0.9102348	0.56538	0.43462	1.288555
4284	-67.03864	-111.1629	44.12427	0.4921006	0.373607	0.626393	1.056936
4290	-67.79463	-112.2017	44.40704	0.4921006	0.338977	0.661023	0.7316098
4296	-67.83489	-111.6425	43.80759	0.02653115	0.210628	0.789372	1.679672
4302	-64.17726	-108.1999	44.02263	0.2987001	0.440322	0.559678	1.312881
4308	-69.98259	-113.0008	43.0182	1.134535	0.301729	0.698271	1.445189
4314	-66.81948	-110.1426	43.32316	0.8295726	0.210193	0.789807	1.445189
4320	-66.89504	-110.8049	43.90984	0.04450539	0.136436	0.863564	1.593104
4326	-64.81485	-108.9308	44.11596	0.676578	0.385809	0.614191	0.8736048
4332	-68.99985	-113.2773	44.27749	0.4297925	0.454194	0.545806	0.9670288
4338	-74.20047	-117.9069	43.70646	1.000829	0.376737	0.623263	0.9670288
4344	-78.48136	-122.3434	43.86201	1.108234	0.573143	0.426857	0.5796358
4350	-76.38219	-120.9636	44.58142	0.3888197	0.715994	0.284006	0.5796358
4356	-80.78659	-125.2081	44.42149	0.5085385	0.555782	0.444218	0.6784374
4362	-74.82545	-118.7101	43.8847	1.090207	0.551476	0.448524	0.5606782
4368	-78.90718	-122.5641	43.6569	1.090207	0.530304	0.469696	0.9247817
4374	-74.74255	-119.086	44.34349	0.4479364	0.682811	0.317189	0.8748959
4380	-70.66627	-115.0579	44.39161	0.5158451	0.249075	0.750925	0.7182205
4386	-71.37398	-115.5602	44.18623	0.7826673	0.682373	0.317627	0.5844268
4392	-70.18058	-114.066	43.88539	0.7826673	0.647152	0.352848	1.006791
4398	-72.4799	-116.4307	43.95078	0.6419157	0.431269	0.568731	1.079196
4404	-71.3786	-115.317	43.93838	0.6419157	0.717113	0.282887	1.090696
4410	-72.17739	-116.2393	44.06191	0.06527351	0.453105	0.546895	1.464651
4416	-72.54964	-116.412	43.8624	1.118643	0.391342	0.608658	0.481821
4422	-70.52708	-114.9456	44.41848	0.09696482	0.526519	0.473481	1.149285
4428	-75.01503	-119.6144	44.59939	0.303593	0.193712	0.806288	0.7254919
4434	-75.60977	-119.6356	44.02586	0.1823973	0.265784	0.734216	1.402395
4440	-78.14272	-122.2408	44.0981	0.3908367	0.147855	0.852145	1.172564
4446	-76.7071	-121.2348	44.52766	0.2982638	0.148467	0.851533	0.8332763
4452	-77.42315	-121.2612	43.83803	0.6207931	0.721496	0.278504	1.198604
4458	-78.4725	-122.1444	43.67192	0.06252312	0.721496	0.278504	1.75003
4464	-74.38399	-117.9142	43.53017	0.3429999	0.424643	0.575357	1.651772
4470	-73.75844	-117.7644	44.00596	0.5436739	0.358926	0.641074	1.118703
4476	-69.79534	-114.2766	44.48129	0.09025294	0.360899	0.639101	1.098747
4482	-74.26553	-118.5218	44.25623	0.6144352	0.299161	0.700839	0.7740239
4488	-73.02034	-116.8387	43.81832	1.052348	0.299161	0.700839	0.7740239
4494	-67.07479	-111.0914	44.01665	0.1502756	0.52567	0.47433	1.434315
4500	-71.33047	-116.0905	44.76007	0.02417235	0.191585	0.808415	0.8832284
4506	-69.84489	-114.1273	44.2824	0.6838286	0.508549	0.491451	0.5932553
4512	-75.15019	-118.8167	43.66655	0.8348074	0.735926	0.264074	1.161698
4518	-69.04457	-113.5093	44.46471	0.2347224	0.5285	0.4715	0.9751273
4524	-76.22464	-119.74	43.51535	1.336827	0.0593485	0.940652	0.2867167
4530	-69.43008	-113.6403	44.21024	0.4759078	0.213436	0.786564	0.988657
4536	-70.28505	-114.2253	43.94022	0.1467973	0.431352	0.568648	1.494982
4542	-72.44029	-116.7069	44.26662	0.1916418	0.118475	0.881525	1.199084
4548	-71.33733	-115.8344	44.49707	0.4216727	0.280522	0.719478	0.6990422
4554	-69.69028	-113.8423	44.15198	0.2467775	0.563056	0.436944	1.249383
4560	-69.87139	-114.1645	44.2931	0.1240305	0.283856	0.716144	1.234004
4566	-72.45559	-116.9962	44.5406	0.1122288	0.334052	0.665948	1.021802
4572	-68.40271	-112.6326	44.22987	0.7313816	0.163735	0.836265	0.4055241
4578	-67.65583	-111.8585	44.20265	0.2270453	0.283542	0.716458	1.223408
4584	-69.81722	-114.2642	44.44697	0.118388	0.565938	0.434062	1.104417
4590	-69.01758	-113.1252	44.1076	0.8323098	0.254521	0.745479	0.6588547
4596	-69.64843	-113.6171	43.96865	0.3595038	0.483329	0.516671	1.307367
4602	-70.35103	-114.5288	44.17774	0.1504136	0.494736	0.505264	1.307367
4608	-76.31975	-119.7142	43.39442	0.1274894	0.204208	0.795792	1.896479
4614	-74.11711	-117.5736	43.45652	0.2534047	0.514565	0.485435	1.76716
4620	-69.5686	-113.8706	44.30202	0.07558798	0.446004	0.553996	1.266932
4626	-68.4666	-112.2264	43.75976	0.3402078	0.676351	0.323649	1.48524
4632	-69.124	-113.2732	44.14918	0.1636349	0.676351	0.323649	1.319746
4638	-73.05364	-117.0627	44.00908	0.3037336	0.37434	0.62566	1.319746
4644	-74.33098	-118.2641	43.93311	1.043007	0.292884	0.707116	0.4489063
4650	-73.76226	-115.7925	42.0302	2.213701	0.390453	0.609547	0.1094804
4656	-78.27552	-120.5183	42.24273	2.206349	0.310289	0.689711	0.1440298
4662	-85.51542	-127.403	41.88758	2.206349	0.481998	0.518002	0.09077325
4668	-81.39186	-123.1796	41.78771	2.200981	0.540033	0.459967	0.07995692
4674	-78.08143	-119.9181	41.83664	2.208061	0.480619	0.519381	0.0855077
4680	-68.32184	-110.0481	41.7263	2.208061	0.331933	0.668067	0.07497886
4686	-67.76239	-111.4201	43.65776	1.312371	0.565056	0.434944	0.4276702
4692	-64.97107	-108.9062	43.93512	1.035004	0.296851	0.703149	0.4276702
4698	-67.64817	-111.6146	43.96639	0.9788859	0.358463	0.641537	0.376872
4704	-67.64079	-111.0901	43.44931	1.290478	0.357798	0.642202	0.2277206
4710	-70.19728	-114.159	43.96173	0.1544332	0.548377	0.451623	1.473007
4716	-75.91663	-119.7931	43.87648	0.6522888	0.505935	0.494065	1.137444
4722	-71.51226	-115.3248	43.81252	0.9067145	0.385423	0.614577	0.9545756
4728	-71.84712	-116.5107	44.66359	0.03938903	0.386077	0.613923	0.9714752
4734	-66.13716	-110.2507	44.11355	0.2083309	0.371477	0.628523	1.31244
4740	-69.20722	-113.0889	43.88171	0.9530913	0.366446	0.633554	0.8220677
4746	-71.05703	-114.7796	43.72256	1.234241	0.422795	0.577205	0.6200853
4752	-69.29304	-113.4046	44.11159	0.4602381	0.544417	0.455583	1.09849
4758	-70.09817	-114.6395	44.54137	0.04091155	0.544417	0.455583	1.088862
4764	-70.20433	-114.8844	44.68009	0.2016947	0.44852	0.55148	0.7580205
4770	-77.13878	-121.1484	44.00958	0.8722071	0.232029	0.767971	0.7580205
4776	-73.3391	-117.1111	43.77198	1.209734	0.35037	0.64963	0.4980693
4782	-74.37535	-118.7042	44.32885	0.4840506	0.175387	0.824613	0.8493297
4788	-67.02481	-111.0809	44.05604	0.854062	0.326827	0.673173	0.7138238
4794	-70.10764	-114.3687	44.26111	0.648993	0.513802	0.486198	0.7138238
4800	-73.35408	-117.5337	44.1796	0.0120597	0.468588	0.531412	1.415265
4806	-77.66644	-120.5481	42.88165	0.3152909	0.468588	0.531412	2.113028
4812	-73.45726	-117.4595	44.00229	0.07515207	0.237494	0.762506	1.502171
4818	-70.14565	-114.5544	44.40872	0.3021768	0.360781	0.639219	0.9632824
4824	-76.14455	-119.984	43.83945	0.6240442	0.763939	0.236061	1.194591
4830	-73.7389	-117.2971	43.5582	1.26871	0.171183	0.828817	0.8320477
4836	-76.76082	-120.6499	43.88909	1.089812	0.583292	0.416708	0.5385129
4842	-73.58421	-117.1214	43.53719	0.9195359	0.136121	0.863879	1.200399
4848	-75.68582	-119.7282	44.04234	0.7905	0.208951	0.791049	0.824565
4854	-75.34241	-119.5786	44.23616	0.4582043	0.214739	0.785261	0.9803109
4860	-71.00295	-114.5227	43.51978	1.127398	0.25646	0.74354	1.027321
4866	-75.41874	-119.3976	43.97885	0.6000146	0.465524	0.534476	1.092011
4872	-71.09835	-115.6422	44.54383	0.05863352	0.661969	0.338031	1.070064
4878	-73.35337	-116.7416	43.38825	0.6750179	0.346898	0.653102	1.512776
4884	-73.29123	-117.1554	43.86417	0.4721143	0.503852	0.496148	1.300769
4890	-72.51517	-116.3793	43.86417	0.4721143	0.225477	0.774523	1.300769
4896	-69.23976	-112.8735	43.63371	1.340951	0.501713	0.498287	0.561796
4902	-66.65075	-110.4817	43.83097	1.1277	0.402562	0.597438	0.6151816
4908	-67.7985	-111.7554	43.95694	1.019314	0.176815	0.823185	0.4495111
4914	-77.54909	-121.3696	43.82048	1.019314	0.471261	0.528739	0.8156536
4920	-90.64397	-134.1457	43.50172	1.107195	0.219636	0.780364	1.063989
4926	-85.10673	-128.1835	43.07677	1.806305	0.131769	0.868231	0.3095003
4932	-68.90202	-112.809	43.90701	0.4312684	0.181919	0.818081	1.299148
4938	-66.04686	-110.4239	44.37705	0.4689709	0.526104	0.473896	0.8075457
4944	-70.41184	-113.8801	43.4683	1.377719	0.424224	0.575776	0.8075457
4950	-65.63511	-109.7688	44.13372	0.2240256	0.614566	0.385434	1.283267
4956	-76.19364	-119.9407	43.74701	1.002651	0.53947	0.46053	0.9219952
4962	-75.77987	-119.6526	43.87277	0.6955047	0.625356	0.374644	1.101741
4968	-75.33637	-119.6734	44.33699	0.3664856	0.200427	0.799573	0.9709628
4974	-78.19129	-121.3076	43.11636	0.4781183	0.351234	0.648766	1.846969
4980	-83.11908	-126.2726	43.15356	0.5054896	0.648825	0.351175	1.802495
4986	-83.44583	-127.5956	44.14978	0.4686912	0.158476	0.841524	1.054943
4992	-76.38198	-119.8689	43.48687	0.1668411	0.618383	0.381617	1.806189
4998	-73.26246	-117.2648	44.00234	0.3525185	0.252783	0.747217	1.285627
5004	-73.35976	-117.846	44.4862	0.4390403	0.550052	0.449948	0.6873835
5010	-75.58329	-118.9704	43.38708	0.5548843	0.509074	0.490926	1.602118
5016	-70.40758	-114.1133	43.70574	0.04634943	0.423536	0.576464	1.73766
5022	-70.03172	-113.4128	43.38106	0.3710258	0.248601	0.751399	1.73766
5028	-66.61676	-110.7493	44.13255	0.5141909	0.413618	0.586382	1.027749
5034	-64.05912	-107.9577	43.89854	0.3547591	0.342773	0.657227	1.367153
5040	-72.31105	-115.4327	43.12167	0.05673543	0.446654	0.553346	2.125155
5046	-64.3351	-108.7988	44.46365	0.1315698	0.276509	0.723491	1.076837
5052	-65.68253	-109.6589	43.97641	0.7383184	0.136569	0.863431	0.9592947
5058	-68.44221	-111.973	43.53079	0.8888794	0.370494	0.629506	1.231862
5064	-63.2445	-107.1234	43.87885	0.3804347	0.244877	0.755123	1.362423
5070	-68.05955	-111.8108	43.75125	0.733813	0.346459	0.653541	1.175933
5076	-67.63882	-111.2011	43.56225	0.6963132	0.280165	0.719835	1.362997
5082	-68.11853	-111.9482	43.82971	1.123973	0.314215	0.685785	0.6279305
5088	-67.54459	-111.687	44.14241	0.3791201	0.331112	0.668888	1.143884
5094	-66.80948	-111.0906	44.28115	0.5161459	0.344087	0.655913	0.8680142
5100	-70.87113	-115.1539	44.28279	0.363241	0.605261	0.394739	1.028446
5106	-74.50207	-118.6321	44.12998	0.7530017	0.223212	0.776788	0.7562601
5112	-71.85973	-115.8735	44.01375	0.7530017	0.577805	0.422195	0.9030906
5118	-73.18972	-117.4088	44.21903	0.7530017	0.574343	0.425657	0.572871
5124	-72.72735	-116.5444	43.81708	1.153807	0.347112	0.652888	0.577265
5130	-71.40368	-115.3796	43.97591	0.9878837	0.315594	0.684406	0.6007579
5136	-75.30354	-118.9495	43.64598	1.299205	0.576335	0.423665	0.3767393
5142	-70.91565	-115.1613	44.24564	0.6305219	0.131359	0.868641	0.7661884
5148	-71.08586	-115.2068	44.12091	0.7552572	0.323736	0.676264	0.7661884
5154	-76.03215	-120.5944	44.56225	0.05840652	0.455778	0.544222	1.052864
5160	-78.18734	-122.1354	43.94803	0.6291633	0.288301	0.711699	1.093554
5166	-69.66351	-113.5989	43.93538	0.6291633	0.393043	0.606957	1.105153
5172	-70.11042	-114.1438	44.03339	0.6819158	0.393043	0.606957	0.9586833
5178	-70.12694	-114.2415	44.11458	0.3965869	0.432506	0.567494	1.153059
5184	-76.92411	-119.1697	42.24558	1.226549	0.628381	0.371619	1.930175
5190	-70.1199	-114.3524	44.23255	0.02500869	0.359307	0.640693	1.363791
5196	-72.68293	-116.446	43.76311	0.4983089	0.421699	0.578301	1.360744
5202	-75.72959	-119.9743	44.24467	0.3848183	0.421699	0.578301	1.044426
5208	-75.40966	-119.3144	43.90479	0.8437243	0.576734	0.423266	0.9232527
5214	-74.53948	-118.3526	43.81317	1.079876	0.358806	0.641194	0.7411067
5220	-75.92695	-119.6936	43.76663	0.8727582	0.529611	0.470389	1.034887
5226	-73.67523	-117.6091	43.9339	0.7978471	0.496993	0.503007	0.9413331
5232	-71.48756	-115.228	43.74043	1.227896	0.324196	0.675804	0.4225578
5238	-74.34718	-117.4621	43.11489	1.586013	0.403455	0.596545	0.2124446
5244	-77.68474	-122.0878	44.40309	0.4331667	0.108579	0.891421	0.8202117
5250	-74.10391	-117.8319	43.72797	1.192806	0.373698	0.626302	0.6954434
5256	-77.56393	-121.7228	44.15889	0.7107488	0.169411	0.830589	0.7754827
5262	-76.05684	-120.2089	44.15203	0.7984762	0.419356	0.580644	0.6355482
5268	-71.49859	-115.3574	43.85878	0.1984241	0.436978	0.563022	1.517296
5274	-69.70038	-113.5397	43.83934	0.1984241	0.563655	0.436345	1.53176
5280	-71.49358	-115.3745	43.88088	0.1568827	0.485652	0.514348	1.53176
5286	-72.90771	-116.9124	44.00472	0.2459442	0.22344	0.77656	1.369226
5292	-72.06354	-116.4554	44.39187	0.4442394	0.212201	0.787799	0.8203998
5298	-68.33315	-112.9282	44.59504	0.09746162	0.454944	0.545056	0.9822045
5304	-68.81083	-112.6629	43.85211	0.531961	0.26952	0.73048	1.261581
5310	-68.30718	-112.553	44.24581	0.06274305	0.37408	0.62592	1.323175
5316	-72.02791	-116.1074	44.0795	0.6909563	0.55474	0.44526	0.8989393
5322	-71.50373	-115.8354	44.33163	0.584604	0.356648	0.643352	0.703404
5328	-73.37432	-117.0155	43.64121	1.275028	0.345028	0.654972	0.703404
5334	-77.1739	-120.7933	43.6194	1.350174	0.263457	0.736543	0.5820375
5340	-75.61205	-119.243	43.63094	1.350174	0.333477	0.666523	0.5175935
5346	-80.57069	-123.991	43.42032	1.350174	0.0947073	0.905293	0.2412694
5352	-72.23946	-116.2633	44.02382	0.9104371	0.734495	0.265505	0.3613415
5358	-70.44335	-114.2242	43.78088	1.199742	0.412422	0.587578	0.5237724
5364	-74.78323	-118.5652	43.78198	1.199742	0.381349	0.618651	0.5001175
5370	-75.31959	-118.9479	43.62831	0.1780187	0.33619	0.66381	1.699415
5376	-76.91763	-120.6955	43.77788	1.117223	0.35706	0.64294	0.7379313
5382	-72.16328	-116.0948	43.93154	0.9635642	0.365147	0.634853	0.7379313
5388	-80.29363	-124.1231	43.82947	0.9635642	0.554946	0.445054	0.8730244
5394	-69.34584	-113.5687	44.22287	0.5300579	0.216062	0.783938	0.918421
5400	-72.21371	-116.8244	44.61065	0.13553	0.493059	0.506941	0.9257973
5406	-71.4996	-116.1656	44.66601	0.01857195	0.392832	0.607168	0.9902388
5412	-73.27897	-117.2846	44.00568	0.3895487	0.553328	0.446672	1.252321
5418	-73.99063	-118.241	44.25035	0.461854	0.181042	0.818958	0.9619254
5424	-72.75128	-117.2247	44.47341	0.2387955	0.445899	0.554101	0.9619254
5430	-72.36055	-116.0828	43.72225	0.2761255	0.299537	0.700463	1.560871
5436	-80.19245	-124.2731	44.08062	0.3334104	0.509325	0.490675	1.236604
5442	-77.54934	-121.6826	44.13327	0.03363449	0.272681	0.727319	1.434335
5448	-76.06695	-119.3622	43.29526	0.3787624	0.360665	0.639335	1.792128
5454	-80.49787	-124.4267	43.92885	0.6552502	0.835072	0.164928	1.087178
5460	-74.21353	-118.0506	43.8371	0.746995	0.409011	0.590989	1.087178
5466	-71.24047	-115.2577	44.01723	0.7633699	0.22983	0.77017	0.8874154
5472	-73.50956	-117.4424	43.93286	0.7521123	0.252291	0.747709	0.9898455
5478	-75.41762	-119.8316	44.41399	0.3975751	0.850269	0.149731	0.8509533
5484	-79.21662	-123.4871	44.27046	0.2222259	0.690904	0.309096	1.169287
5490	-72.70726	-116.2782	43.57097	0.1837184	0.69612	0.30388	1.735834
5496	-74.98748	-118.5592	43.57175	0.1829443	0.450616	0.549384	1.735834
5502	-73.2702	-117.4709	44.20075	0.270631	0.450616	0.549384	1.187791
5508	-70.21719	-114.2371	44.01995	0.2821945	0.625109	0.374891	1.328323
5514	-76.32514	-120.9535	44.62839	0.1314556	0.345185	0.654815	0.910787
5520	-65.93884	-110.6446	44.70575	0.1153093	0.36051	0.63949	0.8393269
5526	-68.1382	-111.843	43.70483	1.204677	0.60368	0.39632	0.7148251
5532	-75.87072	-119.2506	43.37992	1.492672	0.357645	0.642355	0.3012762
5538	-73.91613	-117.8703	43.95419	1.010148	0.337213	0.662787	0.4124812
5544	-74.19205	-118.0484	43.85636	1.010148	0.700968	0.299032	0.7798593
5550	-71.3821	-115.4091	44.02697	0.8898702	0.674785	0.325215	0.7023625
5556	-70.2393	-113.9108	43.67149	0.3079606	0.418197	0.581803	1.574761
5562	-68.55191	-112.5242	43.97228	0.00716841	0.332099	0.667901	1.574761
5568	-70.32254	-114.522	44.19948	0.2092287	0.483589	0.516411	1.241065
5574	-69.64478	-113.4919	43.84708	0.1491873	0.300015	0.699985	1.562422
5580	-77.84995	-121.8753	44.02533	0.2482589	0.263402	0.736598	1.351099
5586	-73.21383	-116.8949	43.68111	0.06633318	0.588849	0.411151	1.74092
5592	-74.02349	-118.0028	43.97933	0.4101212	0.657356	0.342644	1.257122
5598	-71.10712	-114.8098	43.70266	0.5761616	0.275217	0.724783	1.34694
5604	-78.76013	-122.5412	43.78109	0.5761616	0.614947	0.385053	1.283675
5610	-81.29338	-125.0924	43.79899	0.2117112	0.33968	0.66032	1.551791
5616	-69.86194	-114.1692	44.30725	0.6627042	0.345334	0.654666	0.4271594
5622	-74.95507	-118.6633	43.70826	1.254411	0.447517	0.552483	0.408651
5628	-73.13074	-117.5684	44.43769	0.535118	0.22917	0.77083	0.5697825
5634	-76.23005	-120.505	44.27492	0.3614233	0.501625	0.498375	1.037826
5640	-73.71713	-118.368	44.65087	0.1064107	0.354219	0.645781	0.9136335
5646	-75.40834	-119.5124	44.10407	0.6532067	0.396532	0.603468	0.9136335
5652	-73.96147	-117.5317	43.57019	1.38224	0.452686	0.547314	0.6309786
5658	-76.07006	-120.3319	44.26185	0.5506051	0.339103	0.660897	0.8498697
5664	-75.21316	-119.8693	44.65614	0.006294889	0.170988	0.829012	1.01236
5670	-75.1916	-118.9973	43.80566	0.3923857	0.189724	0.810276	1.410318
5676	-68.91209	-113.0869	44.17477	0.4037175	0.352127	0.647873	1.092361
5682	-72.05179	-116.0842	44.03244	0.9335821	0.455348	0.544652	0.5939212
5688	-71.35825	-115.5854	44.22712	0.5579529	0.266808	0.733192	0.8822662
5694	-72.7829	-116.6017	43.81877	1.01089	0.380021	0.619979	0.8285936
5700	-69.91618	-114.1642	44.24799	0.6854778	0.438405	0.561595	0.6718197
5706	-68.89004	-113.2066	44.31658	0.5418843	0.308483	0.691517	0.7909289
5712	-72.50519	-116.6304	44.1252	0.8434752	0.355706	0.644294	0.4235195
5718	-73.83627	-117.7698	43.93356	0.7293805	0.501579	0.498421	1.011857
5724	-74.92971	-119.1794	44.24964	0.3342351	0.279736	0.720264	1.087381
5730	-76.48594	-120.5099	44.02399	0.7582846	0.702075	0.297925	0.8854962
5736	-80.25714	-124.4061	44.14899	0.4729638	0.307267	0.692733	1.051627
5742	-72.23025	-114.68	42.4497	2.06649	0.319417	0.680583	0.1585756
5748	-72.35696	-114.7619	42.40495	2.15573	0.423097	0.576903	0.1694274
5754	-72.31687	-114.791	42.4741	2.157903	0.288902	0.711098	0.1893484
5760	-72.54506	-114.8585	42.31341	2.157903	0.274312	0.725688	0.1486304
5766	-74.67097	-117.5252	42.85423	1.615242	0.629456	0.370544	0.148241
5772	-70.76768	-115.2568	44.48914	0.4880001	0.271554	0.728446	0.5493806
5778	-69.64525	-113.8557	44.21041	0.09123897	0.36174	0.63826	1.328715
5784	-74.2174	-118.4389	44.22148	0.6327233	0.660836	0.339164	0.796689
5790	-77.12985	-120.8948	43.765	0.9991965	0.439258	0.560742	0.9059512
5796	-74.12506	-118.2725	44.14745	0.8086555	0.512459	0.487541	0.6218744
5802	-85.85824	-129.6096	43.75136	0.4983108	0.341546	0.658454	1.370009
5808	-85.80958	-129.2561	43.44649	0.694748	0.518697	0.481303	1.453965
5814	-75.64226	-119.8303	44.18806	0.6929978	0.358102	0.641898	0.7590915
5820	-82.11451	-126.0409	43.92637	0.946094	0.334919	0.665081	0.7714849
5826	-80.95856	-124.049	43.09042	1.847299	0.711742	0.288258	0.3659651
5832	-77.21528	-119.9811	42.7658	1.937182	0.601275	0.398725	0.2132141
5838	-72.47589	-115.0694	42.59353	1.874751	0.278693	0.721307	0.1479909
5844	-73.10352	-115.6095	42.50603	1.962254	0.379579	0.620421	0.1479909
5850	-72.85358	-115.4009	42.54737	1.962254	0.55014	0.44986	0.15706
5856	-74.25509	-117.9852	43.7301	1.243329	0.547026	0.452974	0.438326
5862	-79.4905	-123.1861	43.69556	0.4085028	0.565376	0.434624	1.482152
5868	-81.63992	-125.3635	43.72361	0.4015075	0.440981	0.559019	1.46622
5874	-71.66076	-115.9786	44.3178	0.4113064	0.434863	0.565137	0.944142
5880	-77.69123	-120.3479	42.65669	0.9886334	0.345547	0.654453	1.811988
5886	-77.18212	-121.7612	44.57903	0.3694855	0.364239	0.635761	0.6401477
5892	-79.79756	-122.8254	43.02786	0.4659205	0.25061	0.74939	1.915543
5898	-80.28038	-123.006	42.72562	0.2878261	0.452683	0.547317	2.232206
5904	-78.51567	-122.2423	43.72663	1.155775	0.589809	0.410191	0.308957
5910	-70.91685	-115.2533	44.3365	0.643059	0.480755	0.519245	0.5335809
5916	-66.92239	-111.0193	44.09692	0.2837131	0.379698	0.620302	1.264429
5922	-67.90706	-112.1364	44.22936	0.3277193	0.676731	0.323269	1.111956
5928	-66.6513	-110.797	44.14573	0.3238861	0.398004	0.601996	1.189314
5934	-68.91611	-113.038	44.12188	0.5270296	0.546732	0.453268	1.025636
5940	-65.10862	-109.2831	44.17452	0.2710029	0.528209	0.471791	1.209969
5946	-63.67898	-107.9415	44.2625	0.4539458	0.363354	0.636646	0.9574914
5952	-63.18121	-107.7312	44.54996	0.3694918	0.68188	0.31812	0.6977983
5958	-65.77732	-110.1585	44.38122	0.4399646	0.448961	0.551039	0.8391681
5964	-71.57185	-116.1065	44.53466	0.4220777	0.539755	0.460245	0.6202611
5970	-63.52566	-107.1402	43.61454	1.199273	0.230666	0.769334	0.2633009
5976	-64.16994	-107.5625	43.39252	1.385057	0.709361	0.290639	0.2446175
5982	-75.24303	-118.8165	43.57352	1.407368	0.638325	0.361675	0.5206567
5988	-80.94609	-124.5196	43.57352	1.407368	0.690422	0.309578	0.5206567
5994	-86.49536	-129.952	43.4566	0.7730001	0.24693	0.75307	1.385759
6000	-72.40718	-115.7794	43.3722	0.5709815	0.390133	0.609867	1.601228
6006	-75.35978	-119.7767	44.41692	0.2944608	0.174091	0.825909	0.9627799
6012	-71.98446	-116.2691	44.28465	0.3143983	0.438141	0.561859	1.07326
6018	-71.18139	-115.0595	43.87814	0.3700549	0.321238	0.678762	1.371167
6024	-72.84125	-117.261	44.41972	0.3360871	0.483404	0.516596	0.9152501
6030	-70.05496	-114.7256	44.67059	0.1533461	0.618607	0.381393	0.8357623
6036	-74.17692	-118.68	44.50305	0.3208883	0.333178	0.666822	0.8357623
6042	-71.36869	-115.5764	44.20776	0.3208883	0.59208	0.40792	1.137547
6048	-74.31015	-118.4432	44.13304	0.5241526	0.588466	0.411534	1.017526
6054	-71.90701	-115.854	43.94701	0.6369803	0.570275	0.429725	1.087277
6060	-72.93179	-116.7176	43.78586	0.1026672	0.523901	0.476099	1.640747
6066	-68.35093	-112.5441	44.19321	0.1375647	0.29294	0.70706	1.305244
6072	-69.52041	-113.8153	44.29487	0.3144808	0.569155	0.430845	1.063582
6078	-73.98753	-118.0245	44.03699	0.9409016	0.270309	0.729691	0.5450685
6084	-70.31098	-114.348	44.03699	0.9409016	0.417998	0.582002	0.5450685
6090	-68.83017	-112.8662	44.03602	0.9409016	0.421528	0.578472	0.5506224
6096	-72.24132	-115.0897	42.84836	0.9074186	0.307688	0.692312	1.73507
6102	-75.65469	-119.1584	43.50369	0.8389679	0.717906	0.282094	1.295586
6108	-72.2088	-116.0198	43.81099	1.092087	0.27248	0.72752	0.7253413
6114	-77.41422	-121.9697	44.55546	0.2017458	0.393702	0.606298	0.9137138
6120	-71.73691	-115.7118	43.97488	0.4586503	0.455571	0.544429	1.22016
6126	-67.66539	-111.5864	43.92099	0.2822104	0.138814	0.861186	1.406324
6132	-63.95715	-108.4372	44.48003	0.1298801	0.281768	0.718232	1.06305
6138	-67.1472	-111.2916	44.14443	0.4654804	0.600778	0.399222	1.06305
6144	-68.28022	-112.6387	44.35844	0.3209591	0.174088	0.825912	0.9954644
6150	-67.94856	-112.5304	44.58187	0.09752696	0.382568	0.617432	0.9954644
6156	-69.36449	-113.5647	44.20024	0.4791517	0.320998	0.679002	0.9954644
6162	-67.62674	-111.3738	43.74704	1.060866	0.367013	0.632987	0.2600593
6168	-68.2677	-112.333	44.06526	0.8633002	0.190639	0.809361	0.6812125
6174	-76.2865	-120.5068	44.2203	0.5361927	0.597994	0.402006	0.9144965
6180	-69.12193	-113.0216	43.89962	0.8305679	0.210401	0.789599	0.9429908
6186	-71.84144	-116.4562	44.61475	0.1154383	0.296908	0.703092	0.9429908
6192	-70.06208	-114.0144	43.95234	0.2014927	0.218888	0.781112	1.444348
6198	-80.95804	-123.2163	42.25829	0.3984368	0.339248	0.660752	2.458938
6204	-73.46757	-117.6657	44.19815	0.4599945	0.360973	0.639027	1.01659
6210	-75.33824	-119.7305	44.39224	0.2986454	0.434399	0.565601	0.9838541
6216	-72.63887	-116.8619	44.22308	0.3442539	0.662695	0.337305	1.102602
6222	-65.75128	-109.7684	44.01713	0.8961208	0.202627	0.797373	0.7085262
6228	-69.16679	-113.2598	44.09303	0.8799964	0.204911	0.795089	0.5688689
6234	-68.68753	-112.441	43.75346	0.6634182	0.588141	0.411859	1.23421
6240	-67.42933	-111.7387	44.30932	0.1075611	0.355369	0.644631	1.23421
6246	-70.55294	-115.0816	44.52864	0.05412261	0.272547	0.727453	1.088418
6252	-80.61499	-124.9946	44.37962	0.1848633	0.349705	0.650295	1.105209
6258	-77.19643	-121.2672	44.07079	0.6956971	0.277896	0.722104	0.9033939
6264	-70.33773	-114.0998	43.76204	0.3243478	0.327683	0.672317	1.495458
6270	-75.02038	-119.7708	44.7504	0.09280161	0.184728	0.815272	0.8112364
6276	-72.55134	-116.7648	44.21351	0.6870866	0.375218	0.624782	0.7293094
6282	-70.15271	-114.4866	44.33391	0.07087099	0.637691	0.362309	1.244353
6288	-67.46034	-112.0645	44.60417	0.1850001	0.237343	0.762657	0.8775226
6294	-66.95391	-111.6243	44.67041	0.2203834	0.29399	0.70601	0.7445498
6300	-72.10294	-116.061	43.95809	0.526225	0.491816	0.508184	1.17659
6306	-73.30456	-117.1914	43.88686	0.8469946	0.58456	0.41544	0.9390849
6312	-69.74096	-113.8693	44.12837	0.8066842	0.0647861	0.935214	0.6687014
6318	-74.46725	-118.6206	44.15338	0.8066842	0.428015	0.571985	0.6114019
6324	-65.53877	-109.2794	43.74062	0.6366198	0.396377	0.603623	1.267234
6330	-70.94529	-114.714	43.76873	0.1618042	0.396377	0.603623	1.61041
6336	-72.11206	-116.7949	44.6828	0.08306866	0.165972	0.834028	0.9040871
6342	-73.58862	-117.2879	43.69924	0.1110172	0.499454	0.500546	1.696624
6348	-70.37972	-114.1283	43.74861	0.2377223	0.322281	0.677719	1.569718
6354	-74.59778	-118.329	43.73124	0.4647296	0.462011	0.537989	1.411932
6360	-70.99136	-115.0792	44.08788	0.7608625	0.404695	0.595305	0.8039626
6366	-66.12591	-110.0189	43.89302	0.2352952	0.404695	0.595305	1.463793
6372	-67.98915	-112.3296	44.34042	0.3155896	0.490902	0.509098	1.018693
6378	-69.87556	-114.2885	44.41292	0.2430883	0.146115	0.853885	1.018693
6384	-66.60357	-111.0711	44.46751	0.1565631	0.435989	0.564011	1.049605
6390	-62.3786	-106.9029	44.52434	0.07047031	0.170612	0.829388	1.077222
6396	-69.64778	-113.3104	43.66262	0.2542101	0.515481	0.484519	1.620334
6402	-65.77942	-109.586	43.80663	0.1102068	0.280295	0.719705	1.620334
6408	-67.84864	-111.7318	43.88316	1.095555	0.183796	0.816204	0.539759
6414	-64.9166	-108.6846	43.76798	1.095555	0.255846	0.744154	0.2946022
6420	-78.17157	-122.9636	44.79204	0.03697902	0.146945	0.853055	0.8293926
6426	-76.30899	-120.4209	44.11191	0.6400758	0.242113	0.757887	0.9194574
6432	-79.16389	-121.8718	42.70795	0.2851201	0.180894	0.819106	2.245328
6438	-77.64418	-121.4588	43.81459	1.110046	0.311322	0.688678	0.6884912
6444	-75.83699	-120.1718	44.33481	0.480119	0.163977	0.836023	0.8468673
6450	-75.79871	-119.9671	44.16843	0.04839722	0.496541	0.503459	1.395732
6456	-73.19087	-117.7365	44.54563	0.03612782	0.209069	0.790931	1.089347
6462	-70.58041	-114.2718	43.69139	0.007105586	0.396727	0.603273	1.775119
6468	-72.59979	-115.9483	43.3485	1.374453	0.346991	0.653009	0.2208715
6474	-75.1572	-119.0845	43.92734	1.042536	0.643752	0.356248	0.4269354
6480	-75.23546	-119.0721	43.83666	1.042536	0.477996	0.522004	0.7617972
6486	-68.62353	-113.0131	44.38958	0.170034	0.230903	0.769097	1.109648
6492	-70.03009	-114.0146	43.9845	0.4388854	0.272669	0.727331	1.228731
6498	-68.89298	-112.7701	43.87713	0.7352426	0.383978	0.616022	1.060726
6504	-73.89985	-118.3638	44.46395	0.5156683	0.402379	0.597621	0.4682613
6510	-70.15856	-114.0396	43.88099	1.009768	0.432867	0.567133	0.7446006
6516	-70.48604	-115.0198	44.53375	0.4220523	0.195777	0.804223	0.6226387
6522	-69.32664	-113.4628	44.13612	0.5079081	0.555343	0.444657	1.030385
6528	-71.78942	-115.3823	43.59283	0.8820651	0.279538	0.720462	1.184752
6534	-63.98149	-107.8697	43.88825	0.5866489	0.466193	0.533807	1.184752
6540	-62.23647	-106.2806	44.0441	0.8768309	0.247189	0.752811	0.6951638
6546	-67.75842	-111.9164	44.15799	0.4413493	0.402461	0.597539	1.072991
6552	-70.4822	-114.2292	43.74699	0.9925256	0.188479	0.811521	0.9330027
6558	-67.08466	-110.9702	43.88551	0.9925256	0.463651	0.536349	0.7634938
6564	-64.30921	-108.2466	43.93743	0.9406052	0.39181	0.60819	0.7634938
6570	-73.54768	-117.3883	43.84065	0.7599268	0.39181	0.60819	1.071833
6576	-74.73487	-118.7014	43.9665	0.3665723	0.505239	0.494761	1.303377
6582	-67.52852	-112.1015	44.57301	0.2869457	0.314276	0.685724	0.7889005
6588	-74.61963	-118.9689	44.34931	0.5950514	0.410422	0.589578	0.6494054
6594	-70.2167	-114.4557	44.23898	0.7053828	0.410422	0.589578	0.6494054
6600	-79.22208	-123.4212	44.19907	0.02654128	0.260558	0.739442	1.388875
6606	-73.13088	-117.1595	44.02861	0.5878982	0.324956	0.675044	1.056805
6612	-69.69103	-114.0035	44.31252	0.03730569	0.195247	0.804753	1.289748
6618	-70.24049	-114.2296	43.98913	0.7537125	0.450067	0.549933	0.9294127
6624	-72.94136	-116.6145	43.67314	1.290862	0.206457	0.793543	0.6001239
6630	-72.25073	-116.4949	44.24414	0.7339432	0.438757	0.561243	0.5439075
6636	-76.63779	-120.2121	43.57434	1.069847	0.332207	0.667793	1.030233
6642	-78.05104	-121.5567	43.50568	1.37268	0.332207	0.667793	0.7630251
6648	-76.74087	-120.6006	43.85976	1.038457	0.394688	0.605312	0.3224958
6654	-76.73391	-120.6335	43.89955	1.064291	0.302979	0.697021	0.6005954
6660	-71.05213	-114.9696	43.91743	1.064291	0.173097	0.826903	0.5009542
6666	-71.64702	-115.5221	43.87507	0.617683	0.351996	0.648004	1.169232
6672	-68.44296	-112.7862	44.34323	0.149519	0.338017	0.661983	1.169232
6678	-73.19107	-117.0215	43.8304	0.2174156	0.141593	0.858407	1.524296
6684	-71.20724	-115.5619	44.35467	0.4390695	0.272858	0.727142	0.8721931
6690	-71.51248	-116.2153	44.70279	0.1993603	0.513166	0.486834	0.7268236
6696	-76.35437	-121.0187	44.66434	0.2378089	0.249989	0.750011	0.7268236
6702	-75.33806	-119.5609	44.22283	0.375387	0.397778	0.602222	1.074044
6708	-78.6743	-123.0882	44.41387	0.4353236	0.346231	0.653769	0.8033713
6714	-76.47037	-120.2425	43.77218	1.020137	0.397296	0.602704	0.873862
6720	-76.58853	-120.6418	44.05325	0.7390593	0.477468	0.522532	0.873862
6726	-77.58183	-121.8191	44.23724	0.1899036	0.288655	0.711345	1.22556
6732	-76.59562	-120.5864	43.99074	0.43641	0.589579	0.410421	1.22556
6738	-74.31274	-118.7447	44.43191	0.1555411	0.331075	0.668925	1.084072
6744	-80.48172	-125.1897	44.70793	0.09961152	0.545861	0.454139	0.8558087
6750	-79.6282	-123.6157	43.98748	0.8777404	0.323368	0.676632	0.781649
6756	-80.44456	-124.4055	43.96094	0.9700666	0.434461	0.565539	0.3571914
6762	-82.65773	-126.7671	44.10935	0.8621117	0.205963	0.794037	0.5750974
6768	-76.81209	-120.7691	43.95705	0.6716931	0.214237	0.785763	1.045138
6774	-77.54451	-121.8246	44.28013	0.6806517	0.167852	0.832148	0.6094137
6780	-71.89088	-115.9853	44.09444	0.846018	0.248962	0.751038	0.657711
6786	-71.45281	-115.4938	44.04097	0.7530463	0.453115	0.546885	0.8718677
6792	-71.7708	-115.5564	43.78564	0.6900388	0.347587	0.652413	1.184074
6798	-75.69109	-119.8192	44.12809	0.6966406	0.303441	0.696559	0.8347719
6804	-74.22594	-118.3602	44.13424	0.8087809	0.257165	0.742835	0.6522891
6810	-72.60056	-116.6116	44.01104	0.253742	0.5397	0.4603	1.358083
6816	-67.97217	-112.2945	44.32228	0.1088881	0.212984	0.787016	1.22216
6822	-68.66235	-112.3893	43.72692	0.7042527	0.244889	0.755111	1.22216
6828	-71.45753	-115.6703	44.21277	0.1351086	0.0380907	0.961909	1.291335
6834	-71.00339	-115.1644	44.16106	0.778221	0.506573	0.493427	0.3681195
6840	-69.86178	-113.9647	44.10296	0.6942361	0.313946	0.686054	0.8681306
6846	-66.7699	-110.7159	43.94599	0.6064043	0.224039	0.775961	1.116205
6852	-66.67868	-110.4301	43.75144	1.03278	0.420224	0.579776	0.8832562
6858	-69.14701	-112.8126	43.66556	1.079961	0.342022	0.657978	0.9265099
6864	-69.92393	-113.7785	43.8546	1.079961	0.379722	0.620278	0.3617414
6870	-71.02864	-114.6807	43.65203	1.079961	0.255498	0.744502	0.9410706
6876	-71.22141	-114.9225	43.70112	0.07692335	0.193766	0.806234	1.719402
6882	-68.87019	-113.1412	44.27099	0.08765206	0.272238	0.727762	1.282532
6888	-72.80159	-116.5026	43.70098	0.2626022	0.267409	0.732591	1.586364
6894	-73.67681	-118.0257	44.34886	0.2518433	0.382159	0.617841	1.071709
6900	-80.00322	-124.0809	44.07769	0.4654982	0.326374	0.673626	1.124514
6906	-78.63453	-122.1845	43.54996	0.4726733	0.40908	0.59092	1.542974
6912	-70.18832	-113.9024	43.71405	0.2919273	0.563678	0.436322	1.555269
6918	-67.76609	-112.2974	44.53129	0.3369547	0.324771	0.675229	0.7774368
6924	-68.60391	-112.9919	44.38799	0.5685162	0.324771	0.675229	0.6208407
6930	-69.20224	-113.237	44.03479	0.3576049	0.499136	0.500864	1.254678
6936	-71.68478	-114.5257	42.8409	0.2771083	0.520425	0.479575	2.164532
6942	-68.97999	-113.3988	44.41878	0.1149457	0.520425	0.479575	1.133014
6948	-68.7239	-112.1606	43.43672	0.3229806	0.518521	0.481479	1.732315
6954	-67.18952	-111.1624	43.97286	0.8381535	0.419534	0.580466	0.8516223
6960	-71.02657	-114.6774	43.65082	1.160192	0.419534	0.580466	0.8516223
6966	-70.80596	-114.619	43.81301	1.160192	0.550496	0.449504	0.5681517
6972	-70.60923	-114.4211	43.81182	0.5443558	0.312201	0.687799	1.28455
6978	-69.78867	-113.6505	43.86186	0.7437466	0.156509	0.843491	1.06711
6984	-71.90175	-115.4323	43.53053	0.3013187	0.156509	0.843491	1.681295
6990	-70.37197	-114.5502	44.17822	0.3559042	0.457319	0.542681	1.132655
6996	-67.42875	-111.8397	44.411	0.1730065	0.497434	0.502566	1.087266
7002	-70.54522	-114.5033	43.95811	0.8417234	0.509111	0.490889	0.8650144
7008	-71.2018	-114.8972	43.69545	1.11617	0.301452	0.698548	0.8508905
7014	-69.88922	-112.9915	43.10226	0.1190344	0.407674	0.592326	2.097055
7020	-73.67429	-118.3514	44.6771	0.04455	0.532722	0.467278	0.9520362
7026	-75.2284	-117.6106	42.38217	0.05936703	0.313479	0.686521	2.593092
7032	-69.49811	-113.8504	44.35227	0.3473413	0.317243	0.682757	0.974936
7038	-66.49505	-110.7783	44.28328	0.4373543	0.320809	0.679191	0.9530974
7044	-72.74088	-115.0611	42.32021	0.07047997	0.471264	0.528736	2.624546
7050	-71.28536	-115.4662	44.18088	0.7627489	0.503991	0.496009	0.6509972
7056	-71.83881	-116.5178	44.679	0.08633699	0.623853	0.376147	0.9046805
7062	-73.27602	-117.1768	43.90077	0.6133424	0.396	0.604	1.150461
7068	-72.19606	-116.4812	44.2851	0.00866839	0.354124	0.645876	1.335029
7074	-76.53981	-121.0486	44.50879	0.213312	0.344355	0.655645	0.95156
7080	-73.99179	-118.6183	44.62648	0.2149732	0.27709	0.72291	0.8135069
7086	-66.04563	-110.7977	44.75208	0.05967675	0.27709	0.72291	0.8507165
7092	-68.98539	-113.3585	44.3731	0.08057976	0.123871	0.876129	1.203004
7098	-70.77522	-115.2381	44.46287	0.3611104	0.3227	0.6773	0.8357048
7104	-74.3488	-118.9624	44.61361	0.1664777	0.419314	0.580686	0.8880003
7110	-70.05341	-113.7198	43.66642	0.09083193	0.424411	0.575589	1.734032
7116	-71.55278	-115.8874	44.33464	0.4860089	0.221507	0.778493	0.8398335
7122	-74.49257	-118.2611	43.76851	0.1331357	0.584489	0.415511	1.631303
7128	-78.34492	-121.5692	43.22427	0.6518174	0.258084	0.741916	1.649682
7134	-77.7175	-120.9776	43.26007	0.6160169	0.383059	0.616941	1.649682
7140	-67.14035	-111.0801	43.93976	1.040705	0.549312	0.450688	0.475303
7146	-72.75291	-116.6387	43.88583	1.091639	0.621087	0.378913	0.4552821
7152	-74.58978	-118.5526	43.96278	0.5457655	0.402095	0.597905	1.155372
7158	-70.59605	-114.3401	43.74406	1.205389	0.104866	0.895134	0.3834994
7164	-69.19993	-113.3742	44.17426	0.7744123	0.0921282	0.907872	0.6397903
7170	-80.28234	-123.8184	43.53607	1.100437	0.428747	0.571253	1.037666
7176	-73.09545	-116.9629	43.86749	1.100437	0.266046	0.733954	0.421474
7182	-70.55258	-114.9731	44.42053	0.0420287	0.365946	0.634054	1.195396
7188	-70.8646	-113.922	43.05737	0.5922107	0.399925	0.600075	1.809047
7194	-70.3554	-114.2228	43.86742	0.2553042	0.0692845	0.930716	1.468038
7200	-63.71671	-108.0075	44.2908	0.389432	0.610371	0.389629	0.9946227
7206	-65.18024	-109.5621	44.38182	0.5711489	0.446856	0.553144	0.6296733
7212	-67.39946	-111.5427	44.14327	0.4701262	0.476047	0.523953	1.059757
7218	-70.29193	-114.2995	44.00752	0.6058735	0.0836685	0.916331	1.059757
7224	-64.86994	-109.049	44.17903	0.2121101	0.408218	0.591782	1.255722
7230	-71.39558	-116.145	44.74945	0.1924931	0.343138	0.656862	0.6546007
7236	-67.3905	-111.8342	44.44367	0.4235702	0.459339	0.540661	0.7788452
7242	-79.139	-122.8507	43.71174	0.5899023	0.144524	0.855476	1.328724
7248	-77.25676	-121.1648	43.90809	0.5857278	0.306882	0.693118	1.168304
7254	-75.42926	-119.3056	43.87639	1.04182	0.228456	0.771544	0.6999809
7260	-68.11952	-112.2103	44.09079	0.7132363	0.191906	0.808094	0.8600242
7266	-66.99198	-111.3153	44.32335	0.48068	0.410676	0.589324	0.8600242
7272	-68.78097	-113.2811	44.50015	0.03165793	0.283763	0.716237	1.134727
7278	-70.92876	-114.5036	43.57486	0.956951	0.156692	0.843308	1.134727
7284	-70.86638	-114.4004	43.53401	0.956951	0.339078	0.660922	1.170793
7290	-73.88296	-117.3543	43.47136	1.356753	0.13694	0.86306	0.2715209
7296	-67.6524	-111.9236	44.27119	0.6211383	0.408327	0.591673	0.7422042
7302	-68.80204	-113.3286	44.52654	0.2534704	0.141721	0.858279	0.8880869
7308	-70.77262	-115.2881	44.51549	0.4615561	0.232671	0.767329	0.5499096
7314	-69.93356	-114.3416	44.40806	0.2819408	0.649831	0.350169	0.9847525
7320	-73.78858	-117.224	43.43546	1.279965	0.539806	0.460194	0.9585665
7326	-70.97019	-115.0209	44.05069	0.664728	0.336919	0.663081	0.9585665
7332	-66.28669	-110.5987	44.31201	0.5811313	0.368693	0.631307	0.7409603
7338	-72.586	-116.5666	43.98058	0.867654	0.0907771	0.909223	0.8046359
7344	-70.31781	-114.4057	44.08787	0.8925587	0.243756	0.756244	0.5258823
7350	-74.69405	-119.1519	44.45781	0.461786	0.339324	0.660676	0.6975386
7356	-79.22375	-123.4839	44.26016	0.1849179	0.339324	0.660676	1.210347
7362	-69.07293	-113.3928	44.31986	0.6185963	0.530426	0.469574	0.6618404
7368	-68.99509	-113.142	44.14691	0.5231058	0.343348	0.656652	1.004838
7374	-71.04863	-115.3119	44.26329	0.7155935	0.294071	0.705929	0.5386448
7380	-69.48538	-114.0679	44.58257	0.1019849	0.31212	0.68788	0.9902627
7386	-68.45953	-112.8145	44.35501	0.3817749	0.270374	0.729626	0.9359448
7392	-70.58064	-114.4155	43.8349	1.089506	0.270374	0.729626	0.6889119
7398	-71.84438	-115.386	43.54161	0.8714064	0.270374	0.729626	1.237455
7404	-68.2561	-112.3451	44.08903	0.5454032	0.266245	0.733755	1.039673
7410	-71.16301	-115.4216	44.25859	0.2823232	0.490459	0.509541	1.126561
7416	-69.96183	-114.2333	44.27144	0.6246771	0.313106	0.686894	0.7363575
7422	-74.25024	-118.2411	43.99087	0.6702142	0.190708	0.809292	1.013689
7428	-76.8846	-120.6945	43.80994	0.3469376	0.53812	0.46188	1.442021
7434	-77.91617	-121.9361	44.01995	0.2095306	0.264848	0.735152	1.385855
7440	-79.15628	-122.442	43.28573	1.694966	0.538649	0.461351	0.5229482
7446	-80.9018	-124.0038	43.10197	0.06598574	0.15868	0.84132	2.13198
7452	-78.52574	-122.1089	43.58311	0.4165164	0.578385	0.421615	1.559946
7458	-87.45758	-130.139	42.6814	0.1016327	0.187278	0.812722	2.379327
7464	-93.49793	-137.5674	44.06945	0.1216245	0.249618	0.750382	1.415717
7470	-80.05029	-124.5576	44.50729	0.03038088	0.505376	0.494624	1.129476
7476	-78.85119	-123.1005	44.24929	0.1077799	0.484716	0.515284	1.283818
7482	-70.57072	-114.8865	44.31577	0.5228181	0.567695	0.432305	0.8172136
7488	-68.70389	-113.0975	44.39356	0.1896483	0.567695	0.432305	1.087998
7494	-74.63552	-117.894	43.25844	0.8844099	0.495679	0.504321	1.452735
7500	-74.99077	-119.0807	44.08994	0.2280464	0.426035	0.573965	1.315579
7506	-81.00493	-125.1451	44.14019	0.01177264	0.403026	0.596974	1.445776
7512	-74.11463	-118.1592	44.04461	0.6368275	0.276963	0.723037	0.993412
7518	-72.87021	-117.3333	44.46309	0.2183492	0.580039	0.419961	0.993412
7524	-72.05168	-115.7252	43.67351	0.1631875	0.377958	0.622042	1.677837
7530	-71.11529	-115.8232	44.70787	0.007232869	0.533443	0.466557	0.9588992
7536	-64.81442	-109.3206	44.5062	0.02168064	0.359559	0.640441	1.138237
7542	-73.26335	-116.9096	43.6462	0.02312369	0.220075	0.779925	1.795382
7548	-69.98597	-113.2588	43.27282	0.4741225	0.285649	0.714351	1.741268
7554	-75.80425	-120.2709	44.46665	0.2517758	0.259276	0.740724	0.955418
7560	-73.97022	-117.6862	43.71596	0.4517876	0.286824	0.713176	1.433687
7566	-71.17695	-115.5823	44.40532	0.2486371	0.322135	0.677865	1.020705
7572	-78.48805	-122.7107	44.22265	0.3823811	0.276589	0.723411	1.067648
7578	-71.51067	-116.1522	44.64152	0.03696477	0.276589	0.723411	0.9963807
7584	-73.72318	-117.9274	44.20421	0.724399	0.333528	0.666472	0.6811188
7590	-73.91088	-117.7451	43.83423	1.147252	0.326085	0.673915	0.5109353
7596	-76.51212	-120.3441	43.83201	1.147252	0.587864	0.412136	0.465726
7602	-70.9375	-115.1117	44.17423	0.8074788	0.471766	0.528234	0.5022494
7608	-72.03888	-115.7013	43.66239	1.317792	0.583388	0.416612	0.4727964
7614	-74.3834	-118.0416	43.65821	1.317792	0.258086	0.741914	0.4484027
7620	-67.39214	-111.5869	44.19477	0.07112878	0.264879	0.735121	1.357196
7626	-70.83699	-115.0058	44.16877	0.1775782	0.274446	0.725554	1.29258
7632	-74.54846	-118.7839	44.23543	0.5378626	0.688929	0.311071	0.8957301
7638	-71.37503	-115.7526	44.37757	0.1341341	0.238649	0.761351	1.152584
7644	-71.46926	-115.8425	44.37328	0.1128628	0.257076	0.742924	1.175
7650	-69.37515	-113.6488	44.27365	0.04773879	0.335597	0.664403	1.312833
7656	-72.19466	-116.5544	44.35973	0.6176435	0.324732	0.675268	0.4548016
7662	-69.51331	-113.3773	43.86395	0.4654516	0.475464	0.524536	1.306355
7668	-69.04951	-112.8826	43.83308	1.062894	0.636052	0.363948	0.7365762
7674	-70.16806	-114.3759	44.20783	0.6539229	0.345134	0.654866	0.7864375
7680	-66.61389	-110.8674	44.25347	0.6539229	0.181978	0.818022	0.7183066
7686	-66.28269	-110.3453	44.06263	0.5241822	0.34466	0.65534	1.084661
7692	-65.30053	-109.7331	44.43255	0.4785486	0.172255	0.827745	0.7121518
7698	-64.07787	-108.2023	44.12446	0.3193903	0.41633	0.58367	1.211393
7704	-66.66403	-111.0757	44.41169	0.005713045	0.544339	0.455661	1.233771
7710	-63.2654	-106.9098	43.64439	0.4415942	0.284108	0.715892	1.495763
7716	-63.62897	-108.0885	44.45955	0.343839	0.490385	0.509615	0.8607864
7722	-63.85126	-107.7884	43.93711	0.04329435	0.264052	0.735948	1.574064
7728	-71.16592	-115.5611	44.39518	0.01877919	0.265897	0.734103	1.236665
7734	-64.79862	-109.1884	44.3898	0.2413498	0.453705	0.546295	1.042828
7740	-71.78914	-116.1831	44.39399	0.237158	0.729845	0.270155	1.042828
7746	-72.26239	-116.1536	43.89122	0.007790349	0.331785	0.668215	1.633197
7752	-74.93229	-118.8166	43.88426	0.05859564	0.208058	0.791942	1.601465
7758	-74.83212	-118.7251	43.89294	0.1866673	0.351252	0.648748	1.500546
7764	-74.63376	-117.8464	43.21266	1.663645	0.190094	0.809906	0.3041246
7770	-75.28413	-118.5962	43.31207	1.663645	0.142314	0.857686	0.4471618
7776	-77.33924	-120.4594	43.12016	1.663645	0.606194	0.393806	0.2476375
7782	-72.86422	-116.8819	44.0177	0.2348015	0.664478	0.335522	1.367775
7788	-72.21008	-116.1537	43.94359	0.03139416	0.308629	0.691371	1.578032
7794	-70.21799	-113.5551	43.33706	0.6330634	0.453799	0.546201	1.581584
7800	-71.45378	-115.3183	43.86451	0.4878348	0.443163	0.556837	1.287688
7806	-65.56179	-109.8386	44.27678	0.4366856	0.443163	0.556837	0.9606055
7812	-66.50007	-111.0434	44.54334	0.07063576	0.504468	0.495532	1.05921
7818	-63.45591	-107.5077	44.05182	0.1910795	0.353043	0.646957	1.375337
7824	-65.39494	-109.826	44.43105	0.2638285	0.319726	0.680274	0.9797875
7830	-70.54963	-114.853	44.30335	0.6752218	0.618517	0.381483	0.4613333
7836	-73.56521	-117.841	44.27583	0.4591461	0.470148	0.529852	0.9378774
7842	-69.56565	-113.2993	43.73369	0.3273332	0.470148	0.529852	1.514447
7848	-70.97389	-114.6354	43.66148	0.5816965	0.388778	0.611222	1.375118
7854	-67.16941	-111.1494	43.98003	0.9823158	0.314723	0.685277	0.6049977
7860	-77.58553	-121.5552	43.96965	0.9823158	0.40849	0.59151	0.3877289
7866	-72.56326	-116.5139	43.95067	0.9823158	0.266544	0.733456	0.6727462
7872	-67.10986	-110.9618	43.85193	0.5428027	0.479054	0.520946	1.252735
7878	-67.13838	-110.4607	43.32232	1.566431	0.479054	0.520946	0.314202
7884	-69.76088	-113.816	44.05511	0.791661	0.431246	0.568754	0.2831335
7890	-68.2513	-112.5597	44.30841	0.6727472	0.37	0.63	0.5170723
7896	-71.01846	-115.4785	44.46008	0.2800652	0.286423	0.713577	0.9323243
7902	-74.99582	-118.9039	43.90811	0.4262597	0.256465	0.743535	1.302326
7908	-75.72219	-119.3223	43.60007	0.2870299	0.288878	0.711122	1.641775
7914	-72.72266	-117.1983	44.47563	0.4592643	0.357613	0.642387	0.6690106
7920	-72.139	-116.2436	44.1046	0.6527308	0.492716	0.507284	0.9135738
7926	-70.64481	-114.5933	43.94852	0.6275079	0.297813	0.702187	1.09463
7932	-69.96566	-113.9976	44.03192	0.05202828	0.436615	0.563385	1.49729
7938	-68.42465	-112.5903	44.1657	0.01524231	0.405812	0.594188	1.423539
7944	-68.72261	-112.5575	43.83488	0.04724885	0.473893	0.526107	1.645345
7950	-69.37913	-112.8174	43.43831	0.1732972	0.261398	0.738602	1.835213
7956	-69.01638	-112.9424	43.92605	0.4126443	0.43561	0.56439	1.298817
7962	-71.17025	-115.3891	44.21882	0.7561713	0.441339	0.558661	0.5602847
7968	-71.73416	-116.057	44.32286	0.6483969	0.767173	0.232827	0.4310948
7974	-64.78706	-109.2348	44.44774	0.3364894	0.685332	0.314668	0.8832471
7980	-66.87518	-111.268	44.39286	0.05487861	0.641222	0.358778	1.20808
7986	-65.89846	-110.2456	44.34713	0.6214884	0.151184	0.848816	0.5853824
7992	-68.72059	-113.0514	44.33077	0.5920121	0.388164	0.611836	0.691852
7998	-66.99798	-111.0975	44.09955	0.8784879	0.631248	0.368752	0.4583088
8004	-65.75702	-109.8486	44.09161	0.5412463	0.474322	0.525678	1.041192
8010	-65.87342	-109.7782	43.90481	0.4600815	0.510482	0.489518	1.277404
8016	-70.16319	-114.4147	44.25147	0.3212938	0.343685	0.656315	1.097625
8022	-70.84451	-115.658	44.81351	0.02235215	0.118938	0.881062	0.820716
8028	-65.8059	-110.4839	44.67795	0.2878416	0.348075	0.651925	0.5946489
8034	-68.86249	-113.3939	44.53138	0.3490667	0.454443	0.545557	0.7599781
8040	-68.78848	-112.5958	43.8073	1.174195	0.512072	0.487928	0.5107455
8046	-71.00484	-114.7527	43.74784	1.174195	0.537158	0.462842	0.6932013
8052	-70.50232	-114.4222	43.91993	0.9280718	0.350016	0.649984	0.8049446
8058	-73.25714	-117.7417	44.48457	0.1371719	0.617466	0.382534	1.05183
8064	-80.07115	-124.2828	44.21162	0.3827094	0.51571	0.48429	1.077672
8070	-78.17509	-121.7684	43.59331	1.157865	0.701051	0.298949	0.920344
8076	-74.77363	-118.5382	43.76455	1.08159	0.430468	0.569532	0.8073924
8082	-73.59938	-117.3946	43.79521	1.08159	0.729116	0.270884	0.765273
8088	-72.63525	-116.102	43.46677	1.514478	0.485806	0.514194	0.4847555
8094	-70.47491	-113.8702	43.39529	1.514478	0.218217	0.781783	0.3335078
8100	-75.86578	-120.0474	44.18158	0.2305854	0.619957	0.380043	1.238172
8106	-73.69104	-118.2176	44.52652	0.08133044	0.582181	0.417819	1.064991
8112	-84.56009	-127.9968	43.43673	0.6965927	0.222769	0.777231	1.45999
8118	-81.8367	-125.1653	43.32861	0.9118063	0.182157	0.817843	1.377284
8124	-81.98646	-125.9626	43.97616	0.960307	0.498848	0.501152	0.6658668
8130	-86.61489	-130.5205	43.90564	0.7537219	0.553097	0.446903	1.015392
8136	-83.09384	-126.8837	43.78986	1.191847	0.252425	0.747575	0.5025631
8142	-85.92959	-129.7386	43.80903	1.152369	0.719983	0.280017	0.6076875
8148	-78.67938	-122.5904	43.91104	1.050358	0.457867	0.542133	0.6076875
8154	-80.58108	-124.6742	44.09315	0.8682519	0.457867	0.542133	0.6076875
8160	-73.93539	-118.439	44.50361	0.1323722	0.574424	0.425576	1.038177
8166	-79.65776	-123.5031	43.84537	1.123387	0.407292	0.592708	0.4237497
8172	-75.72114	-120.0277	44.30659	0.56003	0.487163	0.512837	0.7797002
8178	-75.18119	-118.8534	43.67219	0.2076535	0.639744	0.360256	1.646984
8184	-73.8105	-117.7404	43.92994	1.039041	0.170513	0.829487	0.5841036
8190	-72.34082	-116.4718	44.13097	0.7965185	0.479349	0.520651	0.6832293
8196	-71.66044	-115.6486	43.98816	0.9682025	0.387973	0.612027	0.3956864
8202	-71.52315	-114.4509	42.9277	1.903493	0.382518	0.617482	0.2733665
8208	-78.75941	-121.633	42.87356	2.101828	0.412416	0.587584	0.4458071
8214	-69.88953	-114.5018	44.61232	0.304321	0.510894	0.489106	0.7027022
8220	-66.97543	-111.4303	44.45483	0.1708619	0.51858	0.48142	1.048062
8226	-71.14537	-115.5778	44.43246	0.1932237	0.256914	0.743086	1.048062
8232	-73.24148	-117.7332	44.49172	0.1339725	0.601816	0.398184	1.048062
8238	-73.2439	-117.1049	43.86098	1.063305	0.470474	0.529526	0.689125
8244	-76.65847	-120.4981	43.83961	0.6139226	0.21541	0.78459	1.20313
8250	-70.29133	-114.6403	44.34893	0.1046056	0.433542	0.566458	1.20313
8256	-70.84789	-114.8572	44.00928	0.3110997	0.611577	0.388423	1.313649
8262	-73.52537	-117.7118	44.18642	0.764058	0.36106	0.63894	0.6356123
8268	-73.76337	-118.3788	44.61543	0.02450939	0.481055	0.518945	1.03435
8274	-72.61443	-116.8607	44.24625	0.3594848	0.434106	0.565894	1.066983
8280	-74.43883	-117.8682	43.4294	0.7071431	0.424764	0.575236	1.457536
8286	-77.30301	-121.8115	44.50847	0.2650883	0.716966	0.283034	0.8954286
8292	-77.98367	-121.749	43.7653	0.06728919	0.219599	0.780401	1.680762
8298	-76.79405	-120.387	43.59291	0.188182	0.179391	0.820609	1.717252
8304	-74.85518	-118.8241	43.96896	0.2575194	0.303145	0.696855	1.388201
8310	-74.90284	-118.8708	43.96797	0.5968256	0.390988	0.609012	1.104927
8316	-76.14648	-120.3957	44.24925	0.5960518	0.722138	0.277862	0.8084864
8322	-73.36125	-117.6324	44.27114	0.06203027	0.5368	0.4632	1.303297
8328	-81.11829	-124.5584	43.44013	0.4234603	0.288907	0.711093	1.65864
8334	-75.1081	-119.1521	44.04396	0.05649413	0.320855	0.679145	1.484876
8340	-85.07906	-128.6987	43.61964	1.278802	0.71073	0.28927	0.7327173
8346	-76.20975	-119.8936	43.68384	1.29589	0.603339	0.396661	0.4690842
8352	-75.18143	-119.2617	44.08026	0.03040808	0.176801	0.823199	1.477162
8358	-72.76314	-117.1997	44.43653	0.004550916	0.417135	0.582865	1.213754
8364	-77.17467	-121.0488	43.87418	0.2796901	0.417135	0.582865	1.444321
8370	-74.18113	-117.8558	43.6747	0.4200071	0.369474	0.630526	1.489204
8376	-76.46559	-119.9258	43.46016	0.02753183	0.577667	0.422333	1.919667
8382	-74.03876	-118.1381	44.09929	0.2086782	0.423857	0.576143	1.323643
8388	-72.88186	-116.8782	43.99634	0.07710752	0.255627	0.744373	1.505163
8394	-75.00646	-119.0175	44.01103	0.9599081	0.403114	0.596886	0.5770799
8400	-73.63638	-117.5415	43.90512	0.9049019	0.374581	0.625419	0.8528194
8406	-79.15901	-123.1829	44.02389	0.6229684	0.506225	0.493775	1.027634
8412	-82.21997	-125.0793	42.85937	1.609674	0.683256	0.316744	1.189813
8418	-72.77186	-116.87	44.09811	0.8616728	0.342363	0.657637	0.6121802
8424	-73.44656	-117.4731	44.02654	0.5512933	0.279435	0.720565	1.092964
8430	-81.01739	-125.4601	44.44272	0.5387943	0.599325	0.400675	0.4897606
8436	-80.07144	-123.7284	43.657	0.7581258	0.314842	0.685158	1.235681
8442	-73.32014	-117.3199	43.99978	0.8268852	0.588404	0.411596	0.8323571
8448	-74.00871	-117.5226	43.51388	1.42973	0.454108	0.545892	0.3743617
8454	-84.97084	-128.29	43.31916	1.42973	0.5232	0.4768	0.2315836
8460	-85.308	-128.944	43.63601	1.04913	0.526298	0.473702	0.9896791
8466	-86.40268	-130.443	44.04032	0.6631049	0.570712	0.429288	0.9710201
8472	-78.59166	-121.9375	43.34582	1.09518	0.372669	0.627331	1.21382
8478	-74.1421	-117.3422	43.20012	0.2900654	0.402196	0.597804	1.917979
8484	-75.34373	-119.4292	44.08552	0.08132414	0.454997	0.545003	1.434382
8490	-75.8122	-119.2229	43.4107	0.2945032	0.331999	0.668001	1.770451
8496	-74.5369	-118.4366	43.89969	0.1039309	0.519364	0.480636	1.557005
8502	-75.59231	-119.2641	43.67176	0.08161023	0.261514	0.738486	1.736763
8508	-78.66503	-122.1966	43.5316	0.4976955	0.157498	0.842502	1.538045
8514	-80.13053	-123.6082	43.47764	1.288604	0.37038	0.62962	0.9036626
8520	-77.72552	-121.7236	43.99812	0.9559479	0.432677	0.567323	0.6269914
8526	-79.6375	-123.306	43.66846	1.017149	0.633022	0.366978	0.9891986
8532	-69.86255	-113.9882	44.1256	0.08488456	0.180698	0.819302	1.400665
8538	-72.7848	-116.9768	44.19205	0.4556954	0.180698	0.819302	1.026776
8544	-67.08495	-111.3658	44.28081	0.2715113	0.262364	0.737636	1.116267
8550	-71.73207	-115.8094	44.07731	0.4991144	0.584024	0.415976	1.094268
8556	-74.5303	-118.2575	43.72717	0.9576192	0.425462	0.574538	0.990028
8562	-74.48997	-118.4862	43.99625	0.9576192	0.442813	0.557187	0.3910797
8568	-74.7851	-118.8409	44.05584	0.5696897	0.442813	0.557187	1.048219
8574	-70.49832	-114.4343	43.93597	0.1559738	0.43146	0.56854	1.491281
8580	-69.59616	-114.1415	44.54539	0.04683737	0.243742	0.756258	1.079635
8586	-74.80371	-118.9304	44.12672	0.2636693	0.179694	0.820306	1.256339
8592	-68.19878	-112.2647	44.06596	0.6887482	0.374765	0.625235	0.916461
8598	-70.89874	-114.8328	43.93402	1.030464	0.563944	0.436056	0.5986697
8604	-72.41097	-116.5002	44.08922	0.7845486	0.341957	0.658043	0.7696221
8610	-71.40316	-115.176	43.77288	0.0657092	0.331796	0.668204	1.67649
8616	-65.13558	-109.3974	44.26182	0.5247305	0.544412	0.455588	0.8805619
8622	-65.2471	-109.3612	44.11406	0.6724911	0.380133	0.619867	0.8805619
8628	-65.43588	-109.5455	44.10961	0.6769431	0.654975	0.345025	0.8805619
8634	-66.80882	-111.3882	44.57941	0.2071363	0.447327	0.552673	0.8805619
8640	-66.74203	-110.9525	44.21043	0.7712882	0.617374	0.382626	0.5005216
8646	-67.14657	-110.2584	43.1118	1.607911	0.697171	0.302829	0.2195951
8652	-71.68345	-114.5471	42.86366	1.86264	0.389714	0.610286	0.2222036
8658	-74.41193	-117.4001	42.98815	1.807709	0.814811	0.185189	0.2536946
8664	-78.75996	-122.9522	44.19221	0.5417374	0.366136	0.633864	0.938982
8670	-77.9892	-121.9956	44.00641	0.9719604	0.223171	0.776829	0.5420361
8676	-74.07477	-117.8736	43.79882	0.8750273	0.283427	0.716573	1.001019
8682	-77.36999	-121.221	43.85099	0.1696977	0.588767	0.411233	1.544415
8688	-75.68983	-119.7629	44.07309	0.01152514	0.165256	0.834744	1.496792
8694	-74.24762	-119.0674	44.81975	0.004182418	0.490369	0.509631	0.83576
8700	-80.35041	-123.9976	43.6472	0.4365175	0.306732	0.693268	1.497458
8706	-71.6269	-115.7324	44.10555	0.5286308	0.379286	0.620714	1.039912
8712	-69.89413	-114.4332	44.53911	0.3906618	0.593061	0.406939	0.6789222
8718	-74.44925	-118.3179	43.8686	0.6246787	0.34455	0.65545	1.168771
8724	-76.94831	-120.4323	43.48401	1.404076	0.317019	0.682981	0.7486444
8730	-77.35661	-121.725	44.36843	0.006354579	0.476859	0.523141	1.269257
8736	-73.20271	-117.5607	44.35803	0.01675836	0.564844	0.435156	1.269257
8742	-68.85032	-112.8466	43.99632	0.9829184	0.255801	0.744199	0.5361104
8748	-74.40238	-118.6045	44.20208	0.7681892	0.178061	0.821939	0.4280799
8754	-72.66839	-116.6403	43.97192	0.7838161	0.464126	0.535874	0.9153347
8760	-71.06176	-115.2198	44.15803	0.1221763	0.37526	0.62474	1.345844
8766	-79.02249	-122.6358	43.61329	0.6669172	0.415973	0.584027	1.345844
8772	-76.26968	-121.1858	44.91609	0.05703395	0.343763	0.656237	0.5684594
8778	-80.09511	-124.0218	43.92673	0.1330994	0.747501	0.252499	1.515338
8784	-74.24	-117.294	43.05398	0.2923851	0.540527	0.459473	2.014417
8790	-70.85295	-113.9551	43.10215	0.2442138	0.486146	0.513854	2.014417
8796	-71.34028	-115.3305	43.99019	0.2386451	0.0959915	0.904008	1.386359
8802	-69.4893	-113.5028	44.01352	0.2153166	0.307476	0.692524	1.386359
8808	-66.91073	-110.5733	43.66258	0.5570825	0.213986	0.786014	1.393517
8814	-72.06477	-115.5587	43.49397	0.2222508	0.465978	0.534022	1.76277
8820	-71.7469	-115.6935	43.94657	0.07504249	0.700868	0.299132	1.543726
8826	-70.43405	-113.6437	43.20969	0.1517101	0.403894	0.596106	2.00441
8832	-74.10821	-117.7659	43.6577	1.323914	0.333408	0.666592	0.5075346
8838	-80.6402	-124.2085	43.5683	1.323914	0.222996	0.777004	0.317175
8844	-75.57888	-118.5362	42.95734	1.910385	0.277305	0.722695	0.2976461
8850	-71.15492	-115.1584	44.00349	0.9019021	0.524008	0.475992	0.7215905
8856	-74.49087	-118.6721	44.18124	0.756205	0.212177	0.787823	0.6639087
8862	-75.09968	-119.0974	43.99767	0.8942895	0.260268	0.739732	0.7427657
8868	-80.17394	-124.1497	43.97579	0.9364889	0.611104	0.388896	0.7101647
8874	-78.98014	-123.1052	44.12502	0.4134875	0.124774	0.875226	1.128726
8880	-80.66316	-124.7663	44.1031	0.7908929	0.301676	0.698324	0.7396476
8886	-72.50732	-116.1791	43.67182	0.1967435	0.301676	0.698324	1.655078
8892	-72.41203	-117.1077	44.69566	0.05799926	0.417902	0.582098	0.917617
8898	-73.75936	-117.4483	43.68893	0.4517538	0.407365	0.592635	1.454386
8904	-73.61002	-118.0029	44.39286	0.4235199	0.487616	0.512384	0.8450818
8910	-76.62379	-120.6099	43.98614	0.3833408	0.452906	0.547094	1.273633
8916	-74.24608	-118.3255	44.07941	0.8112146	0.550252	0.449748	0.7448104
8922	-72.61098	-116.6941	44.08308	0.7330438	0.550252	0.449748	0.8454016
8928	-76.59389	-120.9229	44.32901	0.3489839	0.549664	0.450336	0.9968723
8934	-74.27272	-118.0467	43.77395	1.145659	0.377059	0.622941	0.3438321
8940	-76.70275	-120.4643	43.76153	1.161377	0.235645	0.764355	0.6916326
8946	-76.72448	-120.7653	44.04084	0.7418037	0.459356	0.540644	0.8850651
8952	-75.62582	-120.0385	44.41273	0.5339951	0.47181	0.52819	0.6441992
8958	-72.78222	-116.7942	44.01195	0.4873906	0.247214	0.752786	1.163466
8964	-72.79267	-116.5388	43.74615	0.2575583	0.600955	0.399045	1.55694
8970	-67.40212	-112.0801	44.67796	0.1488068	0.645686	0.354314	0.83222
8976	-69.90294	-114.1819	44.27898	0.2402642	0.604835	0.395165	1.145915
8982	-70.13263	-114.5794	44.44679	0.4877731	0.385991	0.614009	0.6696675
8988	-72.57733	-116.4635	43.88619	0.08120611	0.385991	0.614009	1.583579
8994	-73.51192	-117.3992	43.88733	0.5748523	0.342956	0.657044	1.19572
9000	-71.15099	-115.4199	44.26888	0.008872075	0.797563	0.202437	1.347793
9006	-75.2213	-119.4498	44.22846	0.5965251	0.566931	0.433069	0.8344547
9012	-72.70719	-117.053	44.34581	0.6036148	0.527841	0.472159	0.6380638
9018	-75.56476	-118.9032	43.33843	1.638762	0.528079	0.471921	0.5491078
9024	-78.3837	-122.1355	43.75181	0.9522971	0.229568	0.770432	0.213631
9030	-71.10901	-114.4083	43.29933	1.404774	0.245876	0.754124	0.213631
9036	-69.4584	-113.2127	43.75431	1.215594	0.0753513	0.924649	0.4270114
9042	-78.22216	-121.3252	43.10302	0.02666018	0.38003	0.61997	2.156942
9048	-70.17679	-114.0743	43.89748	0.5760125	0.287295	0.712705	1.185972
9054	-78.85885	-123.2134	44.35458	0.5262859	0.663369	0.336631	0.7593704
9060	-72.18315	-116.4112	44.22806	0.4404904	0.451741	0.548259	1.006296
9066	-73.91461	-118.6468	44.73219	0.1429046	0.34253	0.65747	0.7677306
9072	-75.52017	-120.178	44.65781	0.1869905	0.52199	0.47801	0.8091431
9078	-74.37113	-118.4752	44.10405	0.636925	0.52831	0.47169	0.9314317
9084	-75.73244	-119.2231	43.49068	1.001609	0.564178	0.435822	1.169636
9090	-65.02704	-109.5085	44.48144	0.1871036	0.293953	0.706047	1.006306
9096	-71.85132	-116.2794	44.42812	0.1799379	0.424662	0.575338	1.064796
9102	-66.2553	-110.6702	44.4149	0.1050706	0.345397	0.654603	1.145273
9108	-65.55818	-109.6583	44.10008	0.6162552	0.463403	0.536597	0.9576134
9114	-65.21015	-109.3828	44.17268	0.5379957	0.252204	0.747796	0.9635166
9120	-71.22235	-114.7106	43.48829	1.222386	0.487082	0.512918	0.9635166
9126	-72.80319	-115.4834	42.68026	0.5559689	0.392107	0.607893	2.087244
9132	-68.83959	-112.7874	43.9478	0.7354385	0.245566	0.754434	0.9915913
9138	-65.2508	-109.6251	44.37425	0.2969979	0.194614	0.805386	1.003611
9144	-67.46568	-110.9881	43.52243	0.4458864	0.296873	0.703127	1.582907
9150	-63.70699	-107.7499	44.04293	0.9088708	0.395198	0.604802	0.6324775
9156	-67.79279	-111.811	44.01819	0.2067482	0.440849	0.559151	1.389405
9162	-73.30191	-116.5158	43.21388	0.8805938	0.621208	0.378792	1.489377
9168	-71.53897	-115.471	43.93206	0.305594	0.586529	0.413471	1.379454
9174	-66.0361	-109.9494	43.91335	0.554322	0.372609	0.627391	1.190993
9180	-67.46913	-111.4765	44.00737	0.971377	0.440689	0.559311	0.5395883
9186	-70.32361	-114.5755	44.2519	0.4345475	0.495946	0.504054	0.9883554
9192	-66.32554	-110.1246	43.79904	1.182585	0.508773	0.491227	0.4930152
9198	-70.18091	-113.7928	43.61192	1.183342	0.235577	0.764423	0.8704118
9204	-69.32683	-113.4389	44.11207	0.8147917	0.67515	0.32485	0.6843897
9210	-65.96432	-110.1131	44.14881	0.8165419	0.509506	0.490494	0.5960046
9216	-67.38256	-111.5061	44.1235	0.5355412	0.417602	0.582398	1.015703
9222	-71.72906	-116.2042	44.47516	0.4576636	0.509973	0.490027	0.6730741
9228	-70.2831	-114.2355	43.95235	0.2664125	0.330733	0.669267	1.39422
9234	-66.53648	-110.6371	44.1006	0.878829	0.330733	0.669267	0.4668664
9240	-66.58263	-110.6212	44.03862	0.8667797	0.330733	0.669267	0.7215848
9246	-76.23192	-120.2568	44.02485	0.8295779	0.4121	0.5879	0.79638
9252	-77.89323	-121.6809	43.78765	0.937444	0.307892	0.692108	0.9483956
9258	-78.25324	-121.9201	43.66685	0.937444	0.103551	0.896449	1.068338
9264	-68.55858	-112.9601	44.4015	0.4289864	0.2533	0.7467	0.8275511
9270	-68.3716	-112.2132	43.84161	0.8549819	0.578157	0.421843	0.978029
9276	-65.11953	-109.4011	44.28159	0.415008	0.261652	0.738348	0.978029
9282	-65.68858	-110.1182	44.42961	0.05587793	0.29633	0.70367	1.175562
9288	-70.55749	-114.7772	44.21974	0.3784518	0.450491	0.549509	1.07406
9294	-74.66397	-118.7916	44.12761	0.4705811	0.667613	0.332387	1.07406
9300	-79.84479	-123.6554	43.81063	1.168246	0.458483	0.541517	0.4632068
9306	-76.86936	-121.6268	44.75747	0.2171384	0.441197	0.558803	0.5620492
9312	-79.31333	-122.8474	43.53409	0.312672	0.543382	0.456618	1.670667
9318	-74.50655	-118.4042	43.8976	0.668653	0.438142	0.561858	1.103591
9324	-73.58154	-117.237	43.65547	0.9107886	0.364355	0.635645	1.103591
9330	-71.90399	-116.396	44.49201	0.2217738	0.498212	0.501788	0.9602734
9336	-74.02905	-118.4172	44.38815	0.3052531	0.190702	0.809298	0.9812939
9342	-72.25831	-116.173	43.91474	0.8180385	0.43273	0.56727	0.940236
9348	-71.87781	-116.3017	44.42387	0.1181943	0.246134	0.753866	1.125529
9354	-67.5109	-111.3423	43.83138	0.7106807	0.246134	0.753866	1.125529
9360	-75.51692	-117.6612	42.14427	0.1050212	0.613438	0.386562	2.711551
9366	-70.99175	-115.6847	44.69293	0.06447639	0.454566	0.545434	0.913493
9372	-72.99886	-117.122	44.12311	0.6342982	0.220503	0.779497	0.913493
9378	-69.45232	-113.9952	44.54288	0.1024821	0.625178	0.374822	1.029088
9384	-74.02863	-118.3686	44.33993	0.5997444	0.197982	0.802018	0.3686728
9390	-72.93463	-117.2174	44.28273	0.1136216	0.0843791	0.915621	1.251384
9396	-73.48528	-117.5488	44.06352	0.8904561	0.115584	0.884416	0.3912851
9402	-69.88299	-114.428	44.54498	0.3707414	0.568596	0.431404	0.7042895
9408	-68.58393	-113.0125	44.42852	0.2177522	0.719194	0.280806	1.028206
9414	-69.00098	-113.1388	44.13787	0.5084025	0.280235	0.719765	1.028206
9420	-74.39698	-117.8899	43.49291	1.447869	0.116251	0.883749	0.6570362
9426	-74.85343	-117.9627	43.10924	0.4282997	0.28822	0.71178	1.885854
9432	-70.95722	-115.6538	44.6966	0.2432867	0.462572	0.537428	0.6589069
9438	-71.39556	-114.9032	43.50763	1.444217	0.277809	0.722191	0.6323732
9444	-64.17993	-108.5139	44.33397	0.0052499	0.375182	0.624818	1.29839
9450	-69.44267	-113.9209	44.47823	0.1780931	0.464424	0.535576	1.018378
9456	-69.22867	-113.9316	44.70296	0.1138546	0.442301	0.557699	0.8445553
9462	-68.47835	-112.8757	44.39738	0.03559128	0.254153	0.745847	1.220637
9468	-67.84541	-112.156	44.31056	0.07424025	0.432294	0.567706	1.260983
9474	-71.55512	-115.3757	43.82062	0.2727153	0.372122	0.627878	1.490234
9480	-73.88197	-118.5496	44.66767	0.01964422	0.557245	0.442755	0.9874781
9486	-71.24322	-115.7519	44.50864	0.01004969	0.524495	0.475505	1.146409
9492	-67.12539	-111.2596	44.13421	0.1622686	0.237587	0.762413	1.332857
9498	-73.1836	-117.3451	44.1615	0.506488	0.262051	0.737949	1.006854
9504	-73.48882	-117.2278	43.73893	1.238651	0.239757	0.760243	0.5468892
9510	-70.40158	-114.0155	43.61388	1.238651	0.369554	0.630446	0.7989217
9516	-73.44969	-117.5532	44.10355	0.8771906	0.369554	0.630446	0.5224933
9522	-75.38996	-119.2051	43.81514	0.9455174	0.244892	0.755108	0.9098949
9528	-67.89292	-112.2404	44.34746	0.404374	0.203397	0.796603	0.9196204
9534	-70.56495	-114.9371	44.37212	0.08881436	0.447722	0.552278	1.196792
9540	-81.48327	-125.8453	44.36205	0.5808966	0.303551	0.696449	0.6524541
9546	-77.65931	-121.2868	43.62754	0.2267472	0.380998	0.619002	1.665295
9552	-76.9837	-120.3498	43.36607	0.31999	0.380998	0.619002	1.783771
9558	-73.96992	-118.2274	44.25744	0.5670925	0.147179	0.852821	0.8350166
9564	-75.95918	-120.2667	44.30755	0.1124472	0.317452	0.682548	1.231586
9570	-76.9668	-120.4445	43.47767	1.467208	0.424245	0.575755	0.6482806
9576	-69.15066	-113.102	43.95131	0.9588404	0.416475	0.583525	0.7137476
9582	-64.17192	-107.7249	43.553	1.406698	0.254778	0.745222	0.4022771
9588	-67.38159	-110.7671	43.38551	1.422295	0.210466	0.789534	0.2600051
9594	-65.34584	-109.2539	43.90807	1.069407	0.227933	0.772067	0.455321
9600	-67.30872	-111.2176	43.90889	1.069407	0.313543	0.686457	0.5425192
9606	-64.67891	-108.9868	44.30786	0.6535281	0.423052	0.576948	0.6077293
9612	-71.08038	-115.105	44.02458	0.08938911	0.237935	0.762065	1.474663
9618	-76.59611	-121.3597	44.76363	0.08873956	0.540101	0.459899	0.7991417
9624	-71.97354	-116.2143	44.24071	0.2138784	0.234432	0.765568	1.202227
9630	-72.56994	-116.574	44.0041	0.2743905	0.549848	0.450152	1.347206
9636	-82.10304	-126.0619	43.95886	0.3196357	0.391977	0.608023	1.347206
9642	-68.99093	-112.6696	43.67868	1.263314	0.314923	0.685077	0.3719764
9648	-69.04525	-113.113	44.06775	0.9108583	0.317051	0.682949	0.4615782
9654	-71.01961	-114.6173	43.59773	1.336296	0.19564	0.80436	0.670726
9660	-68.99239	-112.7729	43.78054	1.196762	0.302873	0.697127	0.5484994
9666	-76.36947	-119.5834	43.2139	1.602586	0.302873	0.697127	0.2648003
9672	-73.35733	-116.9579	43.60054	1.280752	0.445306	0.554694	0.3080613
9678	-77.63443	-122.155	44.52052	0.4076218	0.696598	0.303402	0.6819992
9684	-80.98336	-124.2153	43.23194	0.6651805	0.207735	0.792265	1.634561
9690	-76.20498	-119.921	43.71603	0.6328795	0.558283	0.441717	1.290494
9696	-75.93496	-120.0794	44.14445	0.1580849	0.474347	0.525653	1.328004
9702	-79.01016	-122.7718	43.76164	0.2239711	0.546985	0.453015	1.570244
9708	-76.81933	-120.6963	43.87701	1.009817	0.622191	0.377809	0.7505342
9714	-74.8249	-117.7845	42.95961	0.3353153	0.692649	0.307351	2.048535
9720	-72.68174	-115.9178	43.23603	0.08515962	0.160522	0.839478	2.031136
9726	-73.99467	-118.427	44.43236	0.320177	0.454617	0.545383	0.9188545
9732	-76.05923	-119.9403	43.88107	0.04521982	0.253176	0.746824	1.613487
9738	-77.80594	-121.7432	43.93731	0.1859814	0.367533	0.632467	1.467609
9744	-68.05139	-112.2006	44.14916	0.2239526	0.365024	0.634976	1.270637
9750	-68.67557	-112.3191	43.64355	0.4212045	0.179846	0.820154	1.511664
9756	-67.42458	-111.8913	44.46675	0.2479203	0.466822	0.533178	0.95935
9762	-65.74924	-109.7284	43.97917	0.2929649	0.511254	0.488746	1.352252
9768	-70.91483	-114.6223	43.70748	1.149262	0.54712	0.45288	0.7932701
9774	-72.87887	-117.3718	44.49294	0.4164585	0.563026	0.436974	0.7149914
9780	-74.40765	-118.5285	44.12083	0.4696735	0.32504	0.67496	1.081233
9786	-75.04382	-119.5302	44.48642	0.4696735	0.356803	0.643197	0.6218986
9792	-73.15263	-117.5677	44.41506	0.2538068	0.467958	0.532042	1.005982
9798	-73.04463	-117.3233	44.27865	0.3680594	0.41098	0.58902	1.027779
9804	-74.85587	-118.7752	43.91934	0.4145464	0.354154	0.645846	1.302717
9810	-72.11736	-116.2058	44.08842	0.05283803	0.348221	0.651779	1.453945
9816	-74.81668	-118.2376	43.42089	0.7203695	0.469056	0.530944	1.453945
9822	-70.95272	-114.5304	43.57766	0.3297177	0.263541	0.736459	1.627165
9828	-74.12243	-118.0203	43.89786	0.1563771	0.329737	0.670263	1.519513
9834	-77.0698	-121.2521	44.18233	0.4299651	0.58626	0.41374	1.060797
9840	-77.03515	-120.8032	43.76802	0.4562575	0.442532	0.557468	1.389918
9846	-71.66901	-115.8944	44.22541	0.4336635	0.341785	0.658215	1.015676
9852	-69.82662	-114.0717	44.24504	0.4140338	0.632233	0.367767	1.015676
9858	-69.39514	-113.106	43.71083	0.4861474	0.24667	0.75333	1.411147
9864	-72.0432	-115.8354	43.79218	0.4809791	0.447231	0.552769	1.351443
9870	-68.54889	-112.4433	43.89437	0.2217727	0.447231	0.552769	1.473023
9876	-69.76593	-113.961	44.19511	0.3190858	0.225285	0.774715	1.150387
9882	-67.40044	-111.8443	44.4439	0.2875043	0.206333	0.793667	0.9416962
9888	-67.23906	-111.6756	44.43657	0.5423149	0.276137	0.723863	0.5386195
9894	-68.87203	-112.5315	43.65947	0.06300405	0.276137	0.723863	1.758401
9900	-68.84973	-113.277	44.42724	0.4394086	0.188079	0.811921	0.7796698
9906	-72.67426	-116.3579	43.68363	0.5105745	0.561597	0.438403	1.413294
9912	-75.0812	-119.1978	44.11665	0.2732795	0.344311	0.655689	1.256726
9918	-75.18026	-119.2532	44.07298	0.7052315	0.344311	0.655689	0.8901455
9924	-67.63948	-112.0507	44.41123	0.4296791	0.297158	0.702842	0.8142105
9930	-69.27777	-112.867	43.58926	0.8129479	0.177208	0.822792	1.246503
9936	-66.98798	-110.7692	43.78122	1.185234	0.252768	0.747232	0.5925351
9942	-73.60002	-116.0685	42.46851	2.127771	0.480257	0.519743	0.1789402
9948	-77.21624	-119.3348	42.11858	2.127771	0.405387	0.594613	0.1098243
9954	-78.46729	-122.2373	43.76998	0.2372766	0.544893	0.455107	1.554329
9960	-80.61121	-123.2937	42.68254	2.127771	0.532832	0.467168	0.2613675
9966	-82.47652	-125.5169	43.0404	1.865965	0.532832	0.467168	0.330152
9972	-73.33755	-117.448	44.11047	0.7933899	0.496159	0.503841	0.7240757
9978	-80.74346	-124.1705	43.427	0.4490617	0.217464	0.782536	1.649699
9984	-75.36115	-119.4594	44.09821	0.7651663	0.297579	0.702421	0.7841974
9990	-70.25628	-114.708	44.45171	0.02813622	0.300538	0.699462	1.180471
9996	-69.64412	-114.4705	44.82637	0.05936434	0.361802	0.638198	0.7521768
10002	-73.49612	-117.5849	44.08882	0.8920257	0.236114	0.763886	0.521207
10008	-75.22771	-119.7936	44.56587	0.4149777	0.233617	0.766383	0.521207
10014	-75.39854	-119.4992	44.10066	0.6356803	0.459268	0.540732	0.9364166
10020	-73.60024	-117.398	43.7978	0.2529616	0.481945	0.518055	1.522099
10026	-74.23373	-117.5993	43.36562	0.8419525	0.442541	0.557459	1.402932
10032	-76.83205	-120.267	43.43496	1.316038	0.321611	0.678389	0.2324972
10038	-78.36523	-121.2113	42.84606	1.904939	0.462398	0.537602	0.2324972
10044	-82.54178	-127.061	44.51924	0.3817697	0.488128	0.511872	0.728654
10050	-76.60636	-121.3576	44.75125	0.0191035	0.429052	0.570948	0.899055
10056	-71.83506	-115.8638	44.0287	0.5757686	0.385396	0.614604	1.068177
10062	-79.58611	-123.3909	43.80483	0.7543762	0.474413	0.525587	1.11002
10068	-81.82903	-125.2783	43.44924	0.9038278	0.361371	0.638629	1.287098
10074	-80.42391	-124.451	44.02705	0.4163327	0.13884	0.86116	1.211791
10080	-75.83509	-119.1971	43.36199	0.3165219	0.721907	0.278093	1.789008
10086	-71.38477	-115.9412	44.55647	0.0383363	0.45603	0.54397	1.077228
10092	-82.58542	-126.3782	43.79279	1.000608	0.646895	0.353105	0.8725889
10098	-79.61863	-123.3721	43.75343	0.7513789	0.14728	0.85272	1.158664
10104	-74.21072	-117.9697	43.75898	1.187695	0.250727	0.749273	0.6443094
10110	-67.4131	-111.6715	44.25835	0.2761434	0.337085	0.662915	1.132321
10116	-69.21515	-113.0913	43.87611	1.105035	0.186046	0.813954	0.4831235
10122	-65.49039	-109.2125	43.72214	1.154184	0.165158	0.834842	0.7659601
10128	-66.13389	-110.7297	44.59582	0.1118915	0.321144	0.678856	0.9665911
10134	-72.95247	-117.5599	44.60743	0.01525292	0.821238	0.178762	1.050929
10140	-74.85048	-119.1378	44.28729	0.1813048	0.591633	0.408367	1.190195
10146	-72.7451	-117.2865	44.54143	0.03456479	0.508836	0.491164	1.094659
10152	-70.13004	-114.6284	44.49841	0.07157444	0.325411	0.674589	1.100183
10158	-73.08675	-116.8209	43.73412	0.09455917	0.367298	0.632702	1.683547
10164	-71.0133	-114.6301	43.61682	0.2118607	0.647012	0.352988	1.683547
10170	-77.48222	-121.4322	43.94994	0.96026	0.344382	0.655618	0.7136662
10176	-74.58944	-118.141	43.5516	0.6993205	0.344973	0.655027	1.369022
10182	-70.23133	-114.1807	43.94937	0.301553	0.386698	0.613302	1.369022
10188	-70.99845	-115.1566	44.15813	0.09056637	0.386698	0.613302	1.370771
10194	-81.0021	-125.2465	44.24445	0.004248438	0.386698	0.613302	1.370771
10200	-84.08185	-127.7826	43.70076	1.252781	0.459629	0.540371	0.3904929
10206	-79.69139	-123.7509	44.05947	0.9221585	0.372884	0.627116	0.493099
10212	-81.76267	-125.9556	44.19293	0.383119	0.582648	0.417352	1.094613
10218	-75.07677	-118.7896	43.71282	1.265645	0.420621	0.579379	0.541439
10224	-78.67562	-122.2808	43.60515	1.265645	0.599089	0.400911	0.2999234
10230	-83.47877	-126.6472	43.16842	1.608728	0.532538	0.467462	0.2444106
10236	-74.82745	-118.0554	43.22795	1.608728	0.380223	0.619777	0.2767161
10242	-76.85037	-121.6852	44.83482	0.1431787	0.124345	0.875655	0.5444281
10248	-70.13504	-114.2464	44.11139	0.8384407	0.225559	0.774441	0.6371284
10254	-74.67211	-118.7995	44.12744	0.7039995	0.3001	0.6999	0.8263449
10260	-78.80336	-123.5404	44.73706	0.03411442	0.0935975	0.906403	0.8981273
10266	-78.54808	-122.8259	44.27781	0.1098663	0.228811	0.771189	1.258597
10272	-68.84717	-112.7968	43.94958	0.2415689	0.228811	0.771189	1.415656
10278	-68.81666	-112.7846	43.96794	0.04757757	0.228811	0.771189	1.548236
10284	-71.176	-114.7651	43.5891	0.6149667	0.550398	0.449602	1.405655
10290	-71.51099	-115.4378	43.9268	1.034993	0.229445	0.770555	0.606569
10296	-67.45323	-111.4101	43.95683	1.002976	0.43388	0.56612	0.612106
10302	-32833.74	-214.3439	-32619.4	32568.5	0.958479	0.0415213	50.75084
10308	-2.23078e+07	-214.3439	-2.230758e+07	2.182478e+07	0.535038	0.464962	241429.8
10404	-8.853224e+32	-214.3439	-8.853224e+32	8.844337e+32	0.368968	0.631032	4.443317e+29
10506	-2.737512e+65	-214.3439	-2.737512e+65	2.737512e+65	0.941053	0.0589472	1.607356e+40
10602	-1.339994e+95	-214.3439	-1.339994e+95	1.339994e+95	0.0429715	0.957028	4.059752e+45
10608	-2.713825e+96	-214.3439	-2.713825e+96	2.713825e+96	0.243742	0.756258	4.113866e+46
10704	-3.827354e+118	-214.3439	-3.827354e+118	3.827354e+118	0.379961	0.620039	3.415228e+64
10806	-2.039771e+144	-214.3439	-2.039771e+144	2.039771e+144	0.527301	0.472699	5.961117e+75
10902	-2.469085e+168	-214.3439	-2.469085e+168	2.469085e+168	0.957422	0.0425779	1.327053e+89
10908	-4.595112e+169	-214.3439	-4.595112e+169	4.595112e+169	0.761278	0.238722	6.147954e+89
