Iteration	Posterior	Likelihood	Prior	rate_log_sd	root_freqs[1]	root_freqs[2]	tree_length
0	-79.51262	-123.7012	44.18858	0.6916115	0.511786	0.488214	0.7603557
6	-73.23066	-117.656	44.4253	0.5066445	0.43066	0.56934	0.6747799
12	-73.71026	-118.1569	44.44659	0.3693958	0.4372	0.5628	0.8455639
18	-69.69086	-113.5835	43.89269	0.2309079	0.462367	0.537633	1.467373
24	-74.97099	-119.1501	44.17911	0.1043866	0.279724	0.720276	1.343226
30	-69.88538	-113.8707	43.98531	0.9694862	0.524313	0.475687	0.6251857
36	-71.5762	-115.2982	43.722	0.1745396	0.81525	0.18475	1.634979
42	-78.1039	-121.1576	43.05367	0.3910892	0.232458	0.767542	1.948617
48	-72.26065	-116.9289	44.66828	0.2158073	0.219019	0.780981	0.7546228
54	-71.27305	-115.9248	44.65175	0.2400573	0.44016	0.55984	0.7430092
60	-82.10762	-125.8952	43.78757	0.710653	0.623074	0.376926	1.164445
66	-85.69944	-130.1178	44.41833	0.1015936	0.307849	0.692151	1.14531
72	-76.44831	-120.7898	44.34153	0.1783922	0.374814	0.625186	1.14531
78	-78.60479	-122.9405	44.33566	0.5299217	0.543744	0.456256	0.7811511
84	-74.09319	-117.7028	43.60963	1.369012	0.332881	0.667119	0.4617907
90	-68.88531	-112.7081	43.82282	0.8883558	0.161355	0.838645	0.9629882
96	-66.70944	-110.9865	44.2771	0.5386329	0.224469	0.775531	0.8458829
102	-68.13912	-111.8904	43.75124	0.4075303	0.274037	0.725963	1.44057
108	-70.69955	-114.5907	43.89119	0.7658413	0.423563	0.576437	1.01768
114	-74.25991	-118.5124	44.25246	0.07750263	0.45735	0.54265	1.305898
120	-73.04322	-117.5216	44.47838	0.1759018	0.392947	0.607053	1.020387
126	-69.32993	-113.5382	44.20829	0.4497667	0.421872	0.578128	1.016672
132	-68.94175	-113.175	44.23329	0.146215	0.437961	0.562039	1.265358
138	-74.04089	-116.8422	42.80135	0.3782756	0.543248	0.456752	2.124358
144	-68.85478	-113.5245	44.66972	0.09092841	0.229065	0.770935	0.9099047
150	-71.50112	-115.2632	43.76207	0.4996096	0.229065	0.770935	1.360536
156	-67.71786	-111.2059	43.48802	0.7736585	0.0453822	0.954618	1.360536
162	-72.55999	-116.3942	43.83422	0.1989841	0.349167	0.650833	1.535147
168	-69.28681	-112.9998	43.71298	0.3202204	0.358458	0.641542	1.535147
174	-66.13766	-110.2975	44.15979	0.2503905	0.151293	0.848707	1.239831
180	-61.84914	-106.1276	44.2785	0.5836505	0.259279	0.740721	0.7858942
186	-69.26146	-113.4274	44.16597	0.7456975	0.262752	0.737248	0.7112013
192	-71.38823	-114.9854	43.59715	1.314522	0.564614	0.435386	0.7112013
198	-68.37474	-112.9271	44.55236	0.3937706	0.43651	0.56349	0.6455105
204	-64.59117	-108.7855	44.19433	0.7873013	0.291799	0.708201	0.493454
210	-72.7861	-116.5997	43.8136	1.168059	0.334993	0.665007	0.5057438
216	-67.2705	-111.638	44.36751	0.5722825	0.369565	0.630435	0.6591021
222	-65.65499	-109.6935	44.03855	0.9426733	0.605206	0.394794	0.4843532
228	-68.9151	-112.9456	44.03049	0.9510697	0.605206	0.394794	0.5089448
234	-72.21759	-116.0881	43.87052	0.9339117	0.161551	0.838449	0.859546
240	-72.80795	-117.4503	44.64234	0.2924323	0.144028	0.855972	0.6692528
246	-67.59694	-112.1663	44.56932	0.3275655	0.311142	0.688858	0.7351611
252	-69.46615	-113.7112	44.245	0.03592827	0.40578	0.59422	1.345267
258	-73.58948	-117.4678	43.87827	0.4918532	0.242203	0.757797	1.2731
264	-68.07207	-112.2246	44.15256	0.8279506	0.242203	0.757797	0.4758299
270	-80.23431	-124.3067	44.0724	0.02588035	0.248633	0.751367	1.486508
276	-73.61165	-118.3027	44.69103	0.09534848	0.52677	0.47323	0.8807627
282	-68.6289	-112.3141	43.68516	0.8509634	0.458368	0.541632	1.130866
288	-70.30772	-114.8963	44.58861	0.363624	0.442962	0.557038	0.388195
294	-70.21556	-113.9017	43.68618	0.1417859	0.442962	0.557038	1.684052
300	-74.18639	-118.3551	44.16867	0.1761016	0.66099	0.33901	1.293865
306	-67.35625	-111.132	43.7758	0.2032819	0.430319	0.569681	1.575034
312	-69.43814	-113.3308	43.89271	0.413199	0.659887	0.340113	1.3253
318	-67.74298	-111.9257	44.18276	0.1231511	0.166465	0.833535	1.3253
324	-77.12225	-120.9315	43.80922	0.6184609	0.4771	0.5229	1.225108
330	-77.86664	-121.3944	43.52772	0.2934126	0.253158	0.746842	1.68891
336	-75.74271	-120.0257	44.28302	0.6706658	0.253158	0.746842	0.6279323
342	-75.46957	-119.3212	43.85165	1.056977	0.446899	0.553101	0.7162766
348	-72.54251	-116.6367	44.09417	0.31065	0.290182	0.709818	1.244318
354	-73.1271	-117.1903	44.06318	0.472417	0.176363	0.823637	1.131335
360	-74.03658	-118.0146	43.97797	0.7985058	0.365094	0.634906	0.8921144
366	-73.23841	-117.4009	44.16253	0.4276651	0.455958	0.544042	1.081521
372	-75.55745	-119.552	43.9946	0.2043375	0.32919	0.67081	1.409633
378	-78.10401	-121.4852	43.38121	0.5599147	0.278289	0.721711	1.602725
384	-79.35328	-123.0579	43.70459	0.8141802	0.550945	0.449055	1.146335
390	-73.43507	-117.4876	44.05258	0.02214154	0.300805	0.699195	1.504209
396	-76.15831	-119.7731	43.61478	0.4599415	0.358514	0.641486	1.504209
402	-76.2398	-120.8939	44.65409	0.1568675	0.585417	0.414583	0.8516902
408	-69.76848	-113.9891	44.22064	0.07780353	0.298033	0.701967	1.33129
414	-72.05289	-116.1871	44.13424	0.7846723	0.316379	0.683621	0.6987442
420	-78.27209	-122.3802	44.10813	0.7846723	0.420111	0.579889	0.7414808
426	-80.13089	-124.3376	44.20674	0.4620511	0.149762	0.850238	1.006056
432	-79.47022	-123.0633	43.59304	0.5779041	0.697274	0.302726	1.431228
438	-81.21579	-124.5107	43.29488	0.8760637	0.77032	0.22968	1.431228
444	-73.89479	-117.9384	44.04365	0.9306938	0.247777	0.752223	0.4416994
450	-69.28034	-113.3348	44.05449	0.02061066	0.381726	0.618274	1.503926
456	-76.34332	-119.7197	43.37637	0.4047042	0.26502	0.73498	1.717261
462	-75.37764	-118.8275	43.44986	0.900456	0.430724	0.569276	1.289345
468	-83.31728	-127.1663	43.84906	0.4022771	0.721007	0.278993	1.368696
474	-69.2573	-113.2434	43.98607	0.55648	0.175708	0.824292	1.125092
480	-72.36024	-116.1937	43.83345	1.141432	0.283157	0.716843	0.5607886
486	-70.43568	-113.588	43.15231	1.617877	0.353188	0.646812	0.2411286
492	-82.24976	-126.6276	44.37787	0.1587127	0.574393	0.425607	1.130452
498	-85.44855	-129.7416	44.29305	0.2224828	0.163238	0.836762	1.1492
504	-76.97966	-120.6799	43.7002	0.2264799	0.163401	0.836599	1.613204
510	-72.2763	-116.4793	44.20305	0.03959888	0.378544	0.621456	1.375528
516	-66.39554	-110.0572	43.66162	0.559401	0.432786	0.567214	1.392463
522	-70.35457	-114.3368	43.98226	0.7235467	0.159039	0.840961	0.9685634
528	-75.10425	-118.8473	43.74309	0.7235467	0.474305	0.525695	1.191881
534	-78.23576	-121.0766	42.84087	0.4231833	0.463422	0.536578	2.068923
540	-71.58219	-115.4142	43.83202	0.967333	0.433763	0.566237	0.8655814
546	-74.2407	-118.3979	44.15716	0.7095261	0.316004	0.683996	0.7796149
552	-69.43077	-113.5908	44.15998	0.6524924	0.406423	0.593577	0.8498473
558	-75.06766	-119.0004	43.93277	0.8948787	0.0628473	0.937153	0.8311245
564	-80.78108	-125.435	44.65392	0.1934956	0.443189	0.556811	0.8057152
570	-71.36197	-115.9837	44.6217	0.1178658	0.345463	0.654537	0.9329509
576	-66.20449	-110.5101	44.30558	0.5610619	0.189287	0.810713	0.7796812
582	-67.80694	-111.7591	43.95219	0.9144435	0.53171	0.46829	0.7796812
588	-67.34575	-111.3831	44.03731	0.8299729	0.36173	0.63827	0.778776
594	-65.68407	-109.377	43.69293	1.227217	0.36173	0.63827	0.3444311
600	-68.22686	-112.1982	43.97129	0.8720957	0.628815	0.371185	0.8109922
606	-65.69156	-109.6623	43.97075	0.1190237	0.420053	0.579947	1.492913
612	-69.43344	-112.9505	43.51704	0.02340295	0.338635	0.661365	1.883877
618	-70.75176	-114.8537	44.10196	0.07760081	0.372376	0.627624	1.424602
624	-72.28859	-116.1565	43.86787	0.7771261	0.204663	0.795337	1.029445
630	-68.34758	-112.8244	44.47682	0.1739612	0.439364	0.560636	1.023806
636	-74.34874	-117.988	43.63925	1.330517	0.280888	0.719112	0.4266033
642	-70.54331	-114.4128	43.86946	0.1777706	0.298056	0.701944	1.524726
648	-69.91368	-113.7651	43.85142	0.7541651	0.298056	0.701944	1.06713
654	-70.76508	-115.262	44.49691	0.05640252	0.316852	0.683148	1.115371
660	-75.02904	-118.4189	43.38988	0.01571602	0.393824	0.606176	1.974891
666	-73.91657	-118.2208	44.30428	0.4692723	0.296799	0.703201	0.8954345
672	-79.30992	-123.949	44.63909	0.08068076	0.284422	0.715578	0.9540124
678	-71.7915	-116.1052	44.31365	0.5978954	0.227352	0.772648	0.7114021
684	-74.15734	-117.8637	43.70633	0.9810112	0.186404	0.813596	0.9874467
690	-68.22951	-112.4552	44.2257	0.3306059	0.348771	0.651229	1.112661
696	-79.31894	-122.5247	43.20578	1.764127	0.406134	0.593866	0.4270155
702	-72.78552	-116.3788	43.59326	0.7232039	0.268647	0.731353	1.316811
708	-73.20501	-116.5933	43.38829	0.876783	0.255931	0.744069	1.357849
714	-82.0708	-125.5777	43.50687	1.388922	0.692047	0.307953	0.3203167
720	-79.28019	-122.9046	43.62444	1.295117	0.582708	0.417292	0.6976048
726	-72.00295	-115.584	43.58108	1.295117	0.34455	0.65545	0.3040448
732	-72.63557	-116.8294	44.19387	0.6558917	0.39053	0.60947	0.8026103
738	-66.32727	-110.22	43.89276	1.080941	0.427706	0.572294	0.4393121
744	-71.46205	-115.5889	44.12683	0.7654833	0.308521	0.691479	0.7422236
750	-67.82339	-112.0015	44.17808	0.7634305	0.44541	0.55459	0.6555089
756	-67.34997	-111.3677	44.01774	0.7023154	0.737043	0.262957	0.9537064
762	-69.0379	-112.4653	43.42744	0.35458	0.247706	0.752294	1.716598
768	-70.84892	-115.348	44.4991	0.3286588	0.425357	0.574643	0.8309877
774	-74.75986	-118.5354	43.77551	0.6494143	0.287019	0.712981	1.227435
780	-78.23036	-121.7121	43.48175	0.6770832	0.028078	0.971922	1.44052
786	-70.86049	-115.4027	44.54218	0.104442	0.222635	0.777365	1.027869
792	-66.10369	-110.9458	44.84213	0.02675303	0.310922	0.689078	0.7765384
798	-70.98638	-115.6299	44.6435	0.001177918	0.323601	0.676399	1.029759
804	-65.26096	-107.938	42.67702	1.780473	0.319056	0.680944	0.1457463
810	-65.4496	-108.108	42.65845	1.82889	0.34668	0.65332	0.1520749
816	-67.79656	-110.6825	42.88595	1.82889	0.34668	0.65332	0.2177042
822	-81.83979	-126.2332	44.39343	0.2907679	0.228158	0.771842	0.9906286
828	-78.60779	-122.7571	44.14928	0.5349199	0.257633	0.742367	0.9906286
834	-77.06784	-120.8525	43.78466	0.6967569	0.180301	0.819699	1.179101
840	-77.67381	-122.0276	44.35384	0.3749181	0.382479	0.617521	0.9445167
846	-72.60954	-116.951	44.34142	0.2670329	0.382479	0.617521	1.064429
852	-74.99684	-119.2199	44.22303	0.1324808	0.31009	0.68991	1.285094
858	-75.55512	-119.1105	43.55542	1.411763	0.310413	0.689587	0.4195034
864	-86.67313	-129.3502	42.67707	1.748265	0.25062	0.74938	1.227091
870	-80.2491	-124.7727	44.52363	0.12323	0.364293	0.635707	1.027633
876	-82.8018	-126.5872	43.78542	1.190789	0.364293	0.635707	0.4493046
882	-82.77134	-125.9041	43.13273	1.74289	0.317776	0.682224	0.3035985
888	-73.59993	-117.3554	43.7555	1.225968	0.317776	0.682224	0.5114004
894	-80.38939	-123.9578	43.56836	1.356961	0.269659	0.730341	0.6872362
900	-77.47148	-120.8489	43.37744	1.37084	0.594055	0.405945	0.2313213
906	-67.55232	-111.4545	43.90221	0.2012549	0.541453	0.458547	1.482602
912	-72.63673	-116.7482	44.11147	0.4875604	0.255295	0.744705	1.073276
918	-72.39791	-116.5983	44.20034	0.4648545	0.168998	0.831002	1.009627
924	-71.42749	-115.6341	44.20658	0.4648545	0.436876	0.563124	1.003431
930	-77.21851	-121.2544	44.03593	0.2963857	0.41348	0.58652	1.303989
936	-72.3775	-116.4134	44.03593	0.2963857	0.358311	0.641689	1.303989
942	-77.75768	-121.6732	43.91553	0.1676434	0.475425	0.524575	1.497871
948	-80.25082	-123.9524	43.70159	0.621639	0.396325	0.603675	1.311352
954	-71.68039	-115.4975	43.81711	1.053558	0.286553	0.713447	0.7740302
960	-70.24929	-114.3771	44.12778	0.7737626	0.462745	0.537255	0.727799
966	-73.39132	-117.269	43.87773	0.7490348	0.462745	0.537255	1.04703
972	-69.35256	-113.721	44.36845	0.2583226	0.192723	0.807277	1.04703
978	-67.69177	-111.5552	43.86345	0.5561619	0.355304	0.644696	1.231912
984	-72.17154	-115.9983	43.82674	1.02237	0.570576	0.429424	0.8034801
990	-73.66467	-117.5786	43.91398	0.6147686	0.533686	0.466314	1.137461
996	-74.86984	-118.8718	44.00191	0.9786204	0.353754	0.646246	0.4759833
1002	-67.81941	-111.9427	44.12327	0.4561258	0.364221	0.635779	1.091528
1008	-65.59249	-110.1475	44.55503	0.106151	0.258487	0.741513	1.013598
1014	-66.92104	-111.0631	44.14205	0.3600783	0.422711	0.577289	1.161023
1020	-66.80193	-111.3614	44.55944	0.2436621	0.422711	0.577289	0.8611327
1026	-72.55527	-117.242	44.68677	0.1163284	0.469301	0.530699	0.8611327
1032	-69.8914	-114.0276	44.13619	0.6669101	0.211092	0.788908	0.8611327
1038	-69.16625	-112.6924	43.5261	0.488451	0.296029	0.703971	1.548945
1044	-70.55822	-114.0877	43.52946	1.406293	0.296029	0.703971	0.6673017
1050	-71.68634	-114.9732	43.28689	1.019397	0.514979	0.485021	1.324999
1056	-70.62311	-114.3314	43.70825	0.6967867	0.312193	0.687807	1.24414
1062	-68.03227	-112.5765	44.54422	0.1313434	0.465851	0.534149	0.9993096
1068	-70.94693	-114.8754	43.92844	0.06385846	0.573681	0.426319	1.565337
1074	-73.36572	-117.2804	43.91465	0.9251491	0.587998	0.412002	0.8156552
1080	-73.43274	-117.6256	44.19289	0.529865	0.146618	0.853382	0.9508644
1086	-75.78794	-120.2385	44.45059	0.516977	0.566754	0.433246	0.5888974
1092	-72.40447	-116.8672	44.46269	0.2299325	0.529233	0.470767	0.9820866
1098	-77.62268	-121.5268	43.90409	0.7161483	0.134208	0.865792	1.053263
1104	-85.8744	-130.5622	44.68782	0.02931263	0.608245	0.391755	0.9567793
1110	-78.77505	-122.1033	43.32825	0.6135076	0.265939	0.734061	1.602267
1116	-81.16623	-124.8224	43.65616	0.2855946	0.281296	0.718704	1.602267
1122	-71.61354	-115.4179	43.80434	0.4882738	0.319208	0.680792	1.335946
1128	-72.32741	-116.6545	44.32711	0.178522	0.549798	0.450202	1.15794
1134	-70.9593	-115.0021	44.04277	0.01848621	0.252444	0.747556	1.514275
1140	-79.79608	-124.0801	44.28401	0.2722118	0.381504	0.618496	1.112731
1146	-74.94349	-118.5997	43.65617	0.6090003	0.493596	0.506404	1.357775
1152	-75.5497	-119.0433	43.49356	0.6106102	0.116157	0.883843	1.482068
1158	-79.09368	-122.6941	43.60046	1.268679	0.389201	0.610799	0.7761869
1164	-76.867	-120.6516	43.78462	0.6910298	0.121213	0.878787	1.184105
1170	-77.75869	-121.2954	43.53672	0.6723808	0.569836	0.430164	1.401742
1176	-73.52496	-118.124	44.59905	0.2400032	0.529844	0.470156	0.8166103
1182	-71.93015	-115.5736	43.64348	0.551499	0.384151	0.615849	1.412694
1188	-73.44445	-116.7748	43.33032	0.341012	0.323526	0.676474	1.793993
1194	-70.07055	-114.79	44.71949	0.07651473	0.323526	0.676474	0.8695343
1200	-80.90623	-123.8409	42.93468	0.7125075	0.382008	0.617992	1.810696
1206	-80.32169	-124.0211	43.69937	0.1232828	0.375449	0.624551	1.687828
1212	-71.17887	-114.9243	43.74541	1.206256	0.533108	0.466892	0.6328068
1218	-71.89804	-116.1797	44.2817	0.5572072	0.549355	0.450645	0.8167962
1224	-72.98089	-116.5443	43.56342	1.033722	0.344162	0.655838	1.075048
1230	-76.97214	-121.5117	44.53961	0.4062314	0.259471	0.740529	0.6461622
1236	-68.63449	-112.8689	44.23436	0.7254289	0.174646	0.825354	0.6121492
1242	-71.04953	-115.2575	44.20795	0.7254289	0.552942	0.447058	0.671993
1248	-73.93406	-118.2146	44.2805	0.5884678	0.173169	0.826831	0.7764218
1254	-77.60813	-120.5263	42.91817	0.5266164	0.686656	0.313344	1.948596
1260	-72.46419	-116.2057	43.74154	1.218289	0.575525	0.424475	0.6120573
1266	-71.9311	-115.8873	43.95615	0.3812195	0.414168	0.585832	1.299889
1272	-72.1015	-116.5889	44.48741	0.1767023	0.414168	0.585832	1.010705
1278	-72.59045	-116.3654	43.7749	0.3549766	0.414168	0.585832	1.462609
1284	-69.03635	-112.9106	43.87426	1.102687	0.480388	0.519612	0.4527195
1290	-68.76659	-113.17	44.40341	0.5119836	0.306196	0.693804	0.704868
1296	-66.89862	-110.5638	43.66514	0.414393	0.407113	0.592887	1.500604
1302	-69.88951	-113.8005	43.91097	0.8058724	0.288968	0.711032	0.9570841
1308	-75.59738	-118.87	43.27263	0.8058724	0.477162	0.522838	1.501371
1314	-62.14687	-106.7213	44.57444	0.2315039	0.282635	0.717365	0.8577291
1320	-65.36029	-109.7525	44.39221	0.549375	0.238529	0.761471	0.6553426
1326	-64.90352	-109.0931	44.18961	0.7843217	0.440533	0.559467	0.5650238
1332	-68.21192	-112.1903	43.97835	0.4187986	0.62832	0.37168	1.250723
1338	-78.35013	-122.3463	43.99622	0.2235981	0.548538	0.451462	1.393401
1344	-72.07286	-115.6197	43.54681	0.3039418	0.694698	0.305302	1.667819
1350	-71.28281	-115.672	44.38923	0.1691754	0.120966	0.879034	1.110751
1356	-73.60355	-117.9662	44.36263	0.5672974	0.272238	0.727762	0.3558589
1362	-74.90445	-118.5053	43.60083	1.329099	0.639109	0.360891	0.3558589
1368	-70.00343	-113.615	43.61162	1.329099	0.389731	0.610269	0.6571655
1374	-74.91069	-118.5547	43.64399	1.329099	0.541541	0.458459	0.4371448
1380	-78.15168	-122.6325	44.48083	0.4980599	0.420214	0.579786	0.5385885
1386	-74.47537	-118.2612	43.78583	1.166724	0.448097	0.551903	0.6306775
1392	-69.35862	-113.3661	44.0075	0.3437006	0.472656	0.527344	1.288619
1398	-70.52762	-114.921	44.39341	0.07120396	0.558383	0.441617	1.193624
1404	-67.86499	-111.9996	44.13465	0.620361	0.35732	0.64268	0.9161276
1410	-70.21532	-114.2296	44.01428	0.49439	0.40682	0.59318	1.155267
1416	-65.19551	-109.7036	44.5081	0.3413682	0.31968	0.68032	0.8030079
1422	-70.35984	-113.933	43.57314	1.174012	0.224705	0.775295	0.2308368
1428	-69.43581	-112.5441	43.10832	1.666033	0.398819	0.601181	0.2430835
1434	-72.48652	-116.7191	44.23259	0.1012873	0.609084	0.390916	1.302726
1440	-75.5939	-119.4141	43.82017	1.160757	0.642228	0.357772	0.520251
1446	-72.80469	-117.1394	44.33467	0.3146961	0.677045	0.322955	1.025188
1452	-73.06511	-117.2727	44.20754	0.1803165	0.531976	0.468024	1.258442
1458	-67.40173	-111.4264	44.02466	0.5456542	0.531308	0.468692	1.099881
1464	-69.84776	-114.1496	44.30184	0.6531813	0.536539	0.463461	0.6246103
1470	-70.1196	-114.2131	44.09346	0.8615646	0.311226	0.688774	0.6246103
1476	-71.87576	-115.8572	43.98148	0.8615646	0.44738	0.55262	0.8114397
1482	-69.40565	-113.2908	43.88519	0.8516911	0.44738	0.55262	0.9358392
1488	-72.9517	-116.9438	43.99214	0.4193437	0.315917	0.684083	1.238744
1494	-71.86847	-116.0048	44.13633	0.7281015	0.348425	0.651575	0.7827384
1500	-81.81921	-125.1479	43.3287	0.9858391	0.518147	0.481853	1.318358
1506	-73.74405	-117.2051	43.46102	0.06658594	0.693686	0.306314	1.892611
1512	-73.48701	-116.824	43.33699	0.3471507	0.105009	0.894991	1.785102
1518	-70.13716	-113.639	43.50184	0.1823011	0.476036	0.523964	1.785102
1524	-71.93354	-116.2324	44.29881	0.4687031	0.455875	0.544125	0.9022385
1530	-78.44436	-122.3466	43.90225	0.8652694	0.571011	0.428989	0.9022385
1536	-72.63596	-116.9517	44.31577	0.3098983	0.239707	0.760293	1.048077
1542	-75.40648	-119.268	43.86155	1.07387	0.621996	0.378004	0.6679725
1548	-78.63927	-121.2434	42.60409	0.6590317	0.309749	0.690251	2.069535
1554	-72.53501	-116.3959	43.86085	0.8706353	0.245981	0.754019	0.9416082
1560	-74.39547	-118.0785	43.683	1.286503	0.381859	0.618141	0.4258464
1566	-67.57233	-111.8618	44.28942	0.5258106	0.422446	0.577554	0.8464882
1572	-68.8381	-112.5832	43.74514	0.3107181	0.463881	0.536119	1.518304
1578	-72.10873	-116.5545	44.44574	0.3822873	0.239811	0.760189	0.8306414
1584	-75.34	-119.1345	43.7945	1.163168	0.541269	0.458731	0.3981912
1590	-66.28058	-110.5324	44.25178	0.7159682	0.352943	0.647057	0.5883103
1596	-69.63862	-113.6743	44.03566	0.4002542	0.362651	0.637349	1.21814
1602	-64.91321	-109.5471	44.63393	0.09656424	0.341062	0.658938	0.9426628
1608	-65.22332	-109.1332	43.90987	1.061309	0.338182	0.661818	0.4308596
1614	-66.47882	-110.9719	44.49311	0.3367263	0.288556	0.711444	0.8283646
1620	-71.10571	-115.2182	44.11245	0.5305283	0.274404	0.725596	1.031407
1626	-75.52981	-119.8562	44.32641	0.3165698	0.274404	0.725596	1.031407
1632	-76.15889	-120.335	44.17613	0.3607434	0.348891	0.651109	1.130188
1638	-70.21386	-114.1758	43.9619	0.6534693	0.337681	0.662319	1.05789
1644	-79.7163	-122.8567	43.14045	1.060469	0.187046	0.812954	1.408097
1650	-77.5854	-121.8486	44.26322	0.5629087	0.35205	0.64795	0.8330303
1656	-73.52158	-116.7666	43.24504	0.2216399	0.556975	0.443025	1.933853
1662	-64.55237	-108.1161	43.56376	0.06793764	0.314391	0.685609	1.821388
1668	-73.5679	-117.9904	44.42254	0.1360652	0.407159	0.592841	1.110572
1674	-74.57807	-118.1104	43.53228	0.3454183	0.514301	0.485699	1.648525
1680	-74.40074	-118.1157	43.715	0.3583191	0.336743	0.663257	1.505254
1686	-77.36242	-121.1385	43.77612	0.7093288	0.272978	0.727022	1.175603
1692	-74.78421	-119.015	44.23084	0.4537345	0.328943	0.671057	0.9902524
1698	-70.47077	-114.2925	43.82177	0.4727526	0.328943	0.671057	1.33442
1704	-66.40375	-110.585	44.18128	0.797166	0.118136	0.881864	0.541605
1710	-68.05621	-112.1363	44.08004	0.8387356	0.204944	0.795056	0.6989739
1716	-66.83341	-111.3068	44.47334	0.07159389	0.393822	0.606178	1.122946
1722	-64.7224	-108.8334	44.11095	0.05309638	0.393822	0.606178	1.436523
1728	-66.96304	-111.0968	44.13372	0.1741216	0.202817	0.797183	1.323752
1734	-69.1817	-113.1391	43.9574	0.1945915	0.452862	0.547138	1.445753
1740	-75.39451	-119.9483	44.55374	0.2039211	0.355649	0.644351	0.9132041
1746	-69.39086	-113.223	43.83216	1.148204	0.381264	0.618736	0.5264918
1752	-75.26904	-119.2675	43.99842	0.9169668	0.566803	0.433197	0.3392848
1758	-73.43251	-117.4705	44.03803	0.694938	0.481491	0.518509	0.9400259
1764	-72.75174	-116.6489	43.89719	0.6614468	0.402769	0.597231	1.110537
1770	-71.75714	-115.4455	43.68839	1.104532	0.381069	0.618931	0.8731458
1776	-72.21123	-115.8391	43.62784	1.105814	0.364841	0.635159	0.939291
1782	-75.8255	-120.1207	44.2952	0.6532386	0.46292	0.53708	0.6403321
1788	-76.37807	-120.238	43.85988	0.809215	0.347627	0.652373	1.005755
1794	-73.30818	-117.2202	43.91205	0.7609567	0.1519	0.8481	1.001865
1800	-66.5225	-110.4003	43.8778	0.4387683	0.385527	0.614473	1.316727
1806	-70.34598	-114.5669	44.22087	0.3603042	0.408863	0.591137	1.089886
1812	-67.49793	-111.5672	44.06923	0.7730573	0.408863	0.591137	0.8124245
1818	-70.98597	-114.9751	43.98912	0.6740165	0.38806	0.61194	1.011665
1824	-76.07131	-120.1946	44.12331	0.8340104	0.557899	0.442101	0.6187308
1830	-70.08692	-113.6532	43.56631	1.415375	0.493204	0.506796	0.504181
1836	-68.88198	-112.972	44.09005	0.8702126	0.452756	0.547244	0.610846
1842	-68.09208	-112.7601	44.66802	0.06937936	0.286023	0.713977	0.9352793
1848	-70.94648	-114.7646	43.81813	0.08073102	0.427904	0.572096	1.633311
1854	-67.41281	-111.5103	44.09746	0.1722429	0.299019	0.700981	1.354181
1860	-65.2976	-109.5139	44.21629	0.1114976	0.270955	0.729045	1.307664
1866	-67.19038	-111.3712	44.18086	0.6888806	0.500233	0.499767	0.7753333
1872	-66.63362	-110.5937	43.96012	0.4624645	0.160938	0.839062	1.229409
1878	-72.39091	-116.9463	44.55537	0.1773321	0.160938	0.839062	0.9403085
1884	-70.00406	-114.0411	44.03699	0.9291453	0.650987	0.349013	0.5935373
1890	-67.88009	-112.2088	44.32873	0.3995097	0.148854	0.851146	0.9450627
1896	-75.50008	-119.1642	43.66414	0.6434822	0.216513	0.783487	1.32392
1902	-77.56241	-121.8854	44.32297	0.4564606	0.339586	0.660414	0.8887515
1908	-73.9048	-118.0886	44.18382	0.4564606	0.454353	0.545647	1.034027
1914	-79.22284	-122.8069	43.58402	0.6283444	0.508501	0.491499	1.399208
1920	-75.56537	-119.0456	43.48026	0.1078282	0.341463	0.658537	1.851349
1926	-79.36535	-123.5069	44.14151	0.7718716	0.535035	0.464965	0.708293
1932	-80.13941	-124.6103	44.47085	0.442535	0.330535	0.669465	0.708293
1938	-82.23612	-125.5084	43.27223	0.4568326	0.473818	0.526182	1.753796
1944	-70.39545	-114.3081	43.9127	0.6672203	0.214262	0.785738	1.09104
1950	-71.19716	-114.9653	43.76816	0.5078386	0.591064	0.408936	1.349191
1956	-74.19721	-118.341	44.14375	0.3494614	0.42971	0.57029	1.168834
1962	-71.18951	-114.4648	43.2753	0.3234456	0.477854	0.522146	1.844042
1968	-70.15161	-114.1743	44.02273	0.4506771	0.43436	0.56564	1.186046
1974	-68.8877	-112.8943	44.00662	0.2221568	0.43436	0.56564	1.386406
1980	-74.39012	-117.2575	42.86743	0.4152909	0.375562	0.624438	2.056605
1986	-82.38739	-124.8591	42.47167	0.1211816	0.557567	0.442433	2.49894
1992	-79.33651	-122.6171	43.28064	1.620419	0.61422	0.38578	0.3251064
1998	-79.79772	-122.9404	43.14266	1.620019	0.191121	0.808879	0.2376808
2004	-77.79487	-121.308	43.51314	0.3672102	0.515587	0.484413	1.646625
2010	-72.69164	-117.1202	44.42859	0.1860187	0.515587	0.484413	1.05861
2016	-72.69686	-116.8883	44.19149	0.2503094	0.56359	0.43641	1.213143
2022	-78.02568	-121.9328	43.90712	1.053324	0.36208	0.63792	0.6103553
2028	-71.02677	-115.1144	44.08761	0.1180962	0.353768	0.646232	1.404383
2034	-69.44575	-113.6531	44.20739	0.7635163	0.161917	0.838083	0.5771989
2040	-73.88813	-117.0273	43.13922	0.419171	0.521633	0.478367	1.871648
2046	-77.22385	-121.0392	43.81538	0.7102813	0.507848	0.492152	1.140209
2052	-73.01658	-117.1217	44.10512	0.5085476	0.511489	0.488511	1.059499
2058	-65.52278	-109.7674	44.24457	0.3690992	0.371807	0.628193	1.059499
2064	-63.78518	-107.9032	44.11799	0.4800384	0.371807	0.628193	1.074213
2070	-69.75115	-113.7392	43.9881	0.5898524	0.538914	0.461086	1.09286
2076	-68.4647	-112.019	43.55425	0.5650708	0.16131	0.83869	1.470614
2082	-67.67865	-111.8393	44.16062	0.2563078	0.241648	0.758352	1.234174
2088	-67.4453	-111.7662	44.32093	0.6135587	0.241648	0.758352	0.6698179
2094	-73.33558	-116.8945	43.55887	1.375614	0.417336	0.582664	0.6698179
2100	-71.56719	-115.891	44.3238	0.6420404	0.227315	0.772685	0.594481
2106	-70.59199	-114.8573	44.26535	0.6420404	0.372894	0.627106	0.7183259
2112	-76.83253	-120.3901	43.55762	0.4945354	0.46096	0.53904	1.521064
2118	-82.10615	-126.117	44.01089	0.04126426	0.328222	0.671778	1.521064
2124	-73.59806	-117.53	43.93191	1.040585	0.539434	0.460566	0.5710444
2130	-69.13349	-113.3676	44.23407	0.3965956	0.231397	0.768603	1.043289
2136	-66.40571	-110.7698	44.36408	0.4715426	0.344349	0.655651	0.8210164
2142	-69.60808	-113.6183	44.01021	0.3113989	0.309963	0.690037	1.312659
2148	-72.35527	-116.6223	44.26702	0.582726	0.272825	0.727175	0.8026302
2154	-73.01723	-117.0215	44.00423	0.4952847	0.417872	0.582128	1.163317
2160	-76.57244	-120.6932	44.12081	0.1628086	0.1641	0.8359	1.343129
2166	-70.62485	-114.7418	44.11694	0.2510491	0.330767	0.669233	1.274859
2172	-74.29939	-118.6871	44.38769	0.5781172	0.510276	0.489724	0.5945864
2178	-79.6272	-123.7126	44.08542	0.2873269	0.276934	0.723066	1.270936
2184	-79.80148	-123.9623	44.16083	0.8081082	0.306524	0.693476	0.4242426
2190	-72.41113	-116.0955	43.6844	0.2637548	0.549878	0.450122	1.597612
2196	-71.53282	-116.2734	44.74056	0.1882428	0.250037	0.749963	0.680768
2202	-72.84759	-116.9074	44.05977	0.3805006	0.344516	0.655484	1.214439
2208	-78.55906	-121.9785	43.41941	0.2000264	0.33069	0.66931	1.82983
2214	-77.1693	-121.3613	44.19199	0.4400165	0.680394	0.319606	1.042009
2220	-82.99869	-126.9385	43.93981	1.032729	0.34302	0.65698	0.5708452
2226	-76.60055	-120.0619	43.46133	0.8462996	0.412187	0.587813	1.323914
2232	-71.72162	-115.9191	44.19748	0.7365417	0.450425	0.549575	0.6707328
2238	-76.69433	-120.4155	43.72117	1.252752	0.457701	0.542299	0.4401195
2244	-70.95318	-114.9278	43.97461	0.562547	0.349487	0.650513	1.129934
2250	-74.68398	-119.1276	44.4436	0.1367058	0.347119	0.652881	1.090689
2256	-79.28123	-123.6019	44.3207	0.2596027	0.733754	0.266246	1.090689
2262	-82.94797	-126.5589	43.61097	0.1616243	0.432128	0.567872	1.72324
2268	-81.13681	-124.1964	43.05955	0.2943212	0.421587	0.578413	2.009426
2274	-81.49387	-125.0697	43.57583	0.006070752	0.644598	0.355402	1.855586
2280	-78.62161	-122.0964	43.47478	0.2104236	0.357557	0.642443	1.784362
2286	-76.73277	-120.0679	43.33513	0.3500775	0.357557	0.642443	1.784362
2292	-81.33813	-125.4509	44.1128	0.5176803	0.490927	0.509073	1.043471
2298	-81.66069	-125.1591	43.49844	0.4379291	0.490927	0.509073	1.606179
2304	-79.61878	-123.9596	44.34078	0.6098324	0.365568	0.634432	0.635303
2310	-71.70973	-115.2775	43.56777	1.324271	0.511052	0.488948	0.7426519
2316	-77.14139	-121.5887	44.44735	0.49132	0.190616	0.809384	0.6613984
2322	-79.10978	-122.377	43.26719	1.67264	0.457019	0.542981	0.3688893
2328	-79.28557	-123.2529	43.96736	1.002164	0.777071	0.222929	0.42592
2334	-74.48502	-118.0103	43.5253	1.404481	0.396189	0.603811	0.3556702
2340	-80.77433	-124.2879	43.51362	0.635492	0.47277	0.52723	1.447959
2346	-80.25573	-123.8745	43.6188	0.7797985	0.519138	0.480862	1.249513
2352	-79.01715	-122.9501	43.93299	1.030546	0.599545	0.400455	0.4106068
2358	-74.12575	-117.7097	43.58396	1.187261	0.569713	0.430287	0.241612
2364	-69.87325	-114.1251	44.25182	0.3643757	0.40241	0.59759	1.057107
2370	-68.85824	-113.1037	44.24544	0.2324165	0.421476	0.578524	1.182196
2376	-72.38379	-116.6001	44.21635	0.2614972	0.381813	0.618187	1.182196
2382	-71.21824	-115.6416	44.42338	0.05446795	0.224573	0.775427	1.182196
2388	-74.77535	-118.8236	44.04829	0.246269	0.648262	0.351738	1.334394
2394	-75.60506	-119.2652	43.66009	1.319403	0.455281	0.544719	0.534153
2400	-77.80466	-121.557	43.7523	1.126694	0.494221	0.505779	0.7621047
2406	-75.91795	-120.6244	44.70642	0.2442856	0.242206	0.757794	0.6350886
2412	-76.16991	-119.187	43.01712	0.3703711	0.277728	0.722272	1.987006
2418	-76.37157	-120.9116	44.53998	0.2632968	0.273024	0.726976	0.8609188
2424	-75.30543	-118.9308	43.62538	0.7909695	0.55464	0.44536	1.234659
2430	-69.2538	-112.7804	43.52659	0.2242366	0.391539	0.608461	1.738543
2436	-68.85888	-112.5301	43.67121	0.7151081	0.306812	0.693188	1.259721
2442	-69.87743	-114.5682	44.69077	0.05792004	0.231967	0.768033	0.9230534
2448	-72.02357	-116.0971	44.07349	0.7911968	0.196217	0.803783	0.7823957
2454	-68.80778	-112.7666	43.95879	1.021928	0.33175	0.66825	0.5227686
2460	-64.18487	-108.1437	43.95879	1.021928	0.371408	0.628592	0.5227686
2466	-64.52551	-109.0922	44.56669	0.3852133	0.176248	0.823752	0.6322423
2472	-64.97624	-109.3558	44.37961	0.5707278	0.209459	0.790541	0.6359462
2478	-72.66105	-116.4035	43.74248	1.236498	0.420888	0.579112	0.5379841
2484	-69.07426	-112.8231	43.74882	0.9587361	0.414585	0.585415	0.9667536
2490	-70.63475	-114.4958	43.86104	1.038064	0.317328	0.682672	0.7316721
2496	-70.18351	-114.4889	44.30535	0.4447304	0.344747	0.655253	0.9215395
2502	-74.07704	-118.0777	44.00065	0.9503409	0.433702	0.566298	0.6344138
2508	-67.58871	-111.6951	44.10636	0.209895	0.591422	0.408578	1.31698
2514	-64.52786	-108.7548	44.2269	0.05379257	0.403779	0.596221	1.345452
2520	-69.35253	-113.0247	43.67221	0.6234655	0.33123	0.66877	1.333503
2526	-70.835	-114.8592	44.02419	0.2714853	0.408752	0.591248	1.333503
2532	-73.93741	-118.0068	44.0694	0.1451338	0.318189	0.681811	1.397518
2538	-72.68725	-116.6142	43.92693	1.038229	0.219939	0.780061	0.4144286
2544	-76.38847	-120.2851	43.89668	1.011757	0.616306	0.383694	0.7165934
2550	-74.13693	-118.335	44.19811	0.2729034	0.253206	0.746794	1.18811
2556	-71.49779	-115.0979	43.60011	0.3076706	0.502327	0.497673	1.626873
2562	-68.40924	-112.0987	43.68943	0.2183536	0.243654	0.756346	1.626873
2568	-72.07904	-116.2302	44.15113	0.5697043	0.243654	0.756346	0.9528913
2574	-78.49431	-122.6961	44.2018	0.7283482	0.211514	0.788486	0.6782078
2580	-80.02091	-123.7269	43.70597	0.5486281	0.368931	0.631069	1.366122
2586	-76.96376	-120.5117	43.54794	0.1321355	0.218099	0.781901	1.787927
2592	-81.59787	-124.2579	42.66001	0.2466616	0.231073	0.768927	2.300706
2598	-84.34047	-128.6309	44.29042	0.4588705	0.382171	0.617829	0.9224034
2604	-76.29677	-120.1157	43.81893	0.9649454	0.25007	0.74993	0.8836488
2610	-71.45486	-115.662	44.20712	0.3226556	0.495343	0.504657	1.136544
2616	-70.47049	-114.0248	43.55432	0.5691588	0.4051	0.5949	1.467465
2622	-71.06785	-115.3059	44.238	0.6737335	0.478981	0.521019	0.7110862
2628	-66.62335	-110.588	43.96462	0.6737335	0.529937	0.470063	1.035886
2634	-66.10023	-110.1877	44.08749	0.4163155	0.340738	0.659262	1.159544
2640	-65.66809	-109.7655	44.09743	0.7576507	0.521118	0.478882	0.7955087
2646	-72.83442	-117.0025	44.16803	0.35658	0.221675	0.778325	1.141145
2652	-68.4747	-113.1132	44.63848	0.330117	0.271197	0.728803	0.585436
2658	-70.2219	-114.2916	44.0697	0.49446	0.408735	0.591265	1.10551
2664	-70.04644	-114.2816	44.23517	0.1902321	0.583525	0.416475	1.227036
2670	-73.30863	-115.913	42.60437	0.6159014	0.271702	0.728298	2.097723
2676	-67.38223	-111.6686	44.2864	0.08004249	0.323002	0.676998	1.276129
2682	-72.73577	-116.4644	43.72863	0.6598247	0.306121	0.693879	1.257952
2688	-74.00829	-118.0243	44.01603	0.8352558	0.297972	0.702028	0.8005813
2694	-72.25566	-115.9558	43.70012	1.274054	0.388002	0.611998	0.5639885
2700	-68.94304	-112.8493	43.90629	1.003551	0.254201	0.745799	0.7142632
2706	-70.8675	-114.9681	44.10059	0.487668	0.189181	0.810819	1.083321
2712	-76.21854	-119.9056	43.68708	1.026278	0.490067	0.509933	0.9607217
2718	-78.13113	-121.9318	43.80064	0.8540227	0.49786	0.50214	1.020009
2724	-75.3205	-119.1081	43.7876	0.8765598	0.396243	0.603757	1.010659
2730	-73.36308	-117.6487	44.28563	0.4502214	0.114799	0.885201	0.9369453
2736	-71.05417	-114.9713	43.91714	0.4748177	0.316324	0.683676	1.255036
2742	-68.54435	-113.1418	44.59746	0.0397671	0.3399	0.6601	1.036976
2748	-68.53998	-112.2894	43.74943	0.2586212	0.686812	0.313188	1.553741
2754	-70.56182	-114.9412	44.37941	0.03483538	0.478111	0.521889	1.236422
2760	-70.86294	-115.5178	44.65482	0.3264921	0.158207	0.841793	0.5145229
2766	-69.76794	-114.3054	44.53747	0.002686163	0.600324	0.399676	1.12725
2772	-65.17092	-109.429	44.25807	0.2820853	0.594483	0.405517	1.12725
2778	-67.9822	-112.1509	44.16871	0.573642	0.235037	0.764963	0.9299471
2784	-70.14076	-114.9154	44.77465	0.1110308	0.794021	0.205979	0.7522501
2790	-68.3021	-112.7843	44.48219	0.08143278	0.200693	0.799307	1.105995
2796	-63.26035	-107.1018	43.84144	0.3566321	0.231141	0.768859	1.410302
2802	-68.66956	-112.4579	43.78837	1.129168	0.197618	0.802382	0.3415815
2808	-71.60045	-115.2223	43.62187	1.348278	0.540541	0.459459	0.4277437
2814	-71.82723	-115.6107	43.78348	1.073866	0.508544	0.491456	0.2902459
2820	-76.89062	-121.5674	44.67677	0.1681913	0.284736	0.715264	0.8089405
2826	-74.15992	-118.7176	44.55765	0.2873095	0.668396	0.331604	0.8089405
2832	-71.81975	-116.1482	44.3284	0.6010029	0.356366	0.643634	0.679625
2838	-79.64936	-123.1052	43.45585	1.369573	0.347026	0.652974	0.2699353
2844	-80.52792	-124.5753	44.04737	0.8953175	0.464527	0.535473	0.3729877
2850	-72.23463	-116.1188	43.88417	1.097502	0.409308	0.590692	0.4949949
2856	-74.75512	-118.5546	43.79949	1.097502	0.355704	0.644296	0.3213933
2862	-87.10769	-130.5217	43.41397	0.9225549	0.742971	0.257029	1.300575
2868	-78.56982	-122.1231	43.55325	0.9185199	0.513436	0.486564	1.187461
2874	-73.48046	-116.7345	43.25407	1.72582	0.291791	0.708209	0.5309155
2880	-71.55657	-115.7271	44.17049	0.5106986	0.203781	0.796219	0.9936597
2886	-74.47048	-118.9375	44.46704	0.4895716	0.40482	0.59518	0.6205852
2892	-73.33853	-117.7766	44.43812	0.3505841	0.549888	0.450112	0.8780663
2898	-68.94554	-112.6179	43.67233	1.262601	0.260073	0.739927	0.6689355
2904	-71.55244	-114.6943	43.14186	0.1310721	0.287825	0.712175	2.063065
2910	-72.05797	-114.9025	42.84451	0.2500211	0.579564	0.420436	2.179781
2916	-66.8341	-111.2424	44.40832	0.09661918	0.149706	0.850294	1.158553
2922	-67.82631	-111.7158	43.88953	0.1663088	0.243949	0.756051	1.518315
2928	-71.12741	-114.0879	42.96053	0.4477869	0.407923	0.592077	1.973072
2934	-72.31454	-116.445	44.13046	0.1200449	0.43867	0.56133	1.36935
2940	-79.92608	-123.1919	43.26582	1.712525	0.297215	0.702785	0.4600282
2946	-80.39998	-123.6691	43.26915	1.712525	0.360076	0.639924	0.4951057
2952	-77.06144	-120.7773	43.71585	1.264997	0.616607	0.383393	0.5211979
2958	-78.83276	-122.8924	44.05961	0.9186138	0.0899078	0.910092	0.459345
2964	-66.69006	-110.7509	44.06085	0.9186138	0.474708	0.525292	0.5343411
2970	-70.93027	-115.3846	44.45429	0.3428023	0.368865	0.631135	0.8682557
2976	-67.79219	-111.8362	44.04401	0.5749429	0.368865	0.631135	1.054487
2982	-72.35237	-116.4232	44.07081	0.1382923	0.259763	0.740237	1.401739
2988	-78.63221	-122.8174	44.18515	0.1476656	0.44439	0.55561	1.303587
2994	-77.57171	-121.3066	43.73487	0.3932653	0.400448	0.599552	1.463926
3000	-71.36139	-115.8489	44.48754	0.4029031	0.492183	0.507817	0.7450924
3006	-70.37852	-114.1916	43.81311	0.5362715	0.276475	0.723525	1.29011
3012	-66.08344	-110.3324	44.24896	0.371409	0.196309	0.803691	1.053138
3018	-74.40909	-118.5912	44.18214	0.7906041	0.661131	0.338869	0.4359493
3024	-75.94789	-119.7482	43.80031	0.07734515	0.280686	0.719314	1.648555
3030	-80.08047	-124.0726	43.9921	0.2814217	0.280686	0.719314	1.351154
3036	-88.10506	-132.0442	43.9391	0.1735994	0.321471	0.678529	1.475626
3042	-70.79641	-114.842	44.04555	0.3975255	0.298998	0.701002	1.212059
3048	-70.96212	-115.2235	44.26138	0.1816911	0.769268	0.230732	1.212059
3054	-68.01373	-111.9581	43.94435	0.1482246	0.269874	0.730126	1.490806
3060	-68.35556	-112.3424	43.98688	0.4736534	0.494055	0.505945	1.19713
3066	-67.2783	-111.3402	44.06195	0.5649706	0.49745	0.50255	1.046887
3072	-64.52316	-109.016	44.49286	0.1434492	0.361103	0.638897	1.037866
3078	-74.46909	-118.3596	43.89047	0.2421907	0.721155	0.278845	1.460494
3084	-74.27332	-118.2334	43.96008	0.1725792	0.573046	0.426954	1.460494
3090	-76.14635	-120.1985	44.05213	0.08052789	0.485566	0.514434	1.460494
3096	-70.22877	-114.1542	43.92542	0.6064008	0.474973	0.525027	1.134715
3102	-70.34974	-114.5681	44.21833	0.7480217	0.374841	0.625159	0.5928727
3108	-73.27216	-117.2189	43.94676	0.2088832	0.376441	0.623559	1.442963
3114	-74.83734	-118.4888	43.6515	0.9490459	0.723949	0.276051	1.071856
3120	-69.68863	-113.6385	43.94991	0.9490459	0.657695	0.342305	0.7319032
3126	-70.74049	-115.2462	44.50576	0.09201447	0.386092	0.613908	1.074454
3132	-70.64562	-114.8769	44.23133	0.3664458	0.723132	0.276868	1.074454
3138	-72.19409	-116.2799	44.08586	0.7407367	0.480152	0.519848	0.8324442
3144	-78.1076	-121.2892	43.18163	1.664705	0.438026	0.561974	0.282852
3150	-69.61235	-114.1714	44.55907	0.3915577	0.535692	0.464308	0.6352694
3156	-71.66826	-115.5092	43.84099	1.053145	0.575054	0.424946	0.7394361
3162	-68.07593	-112.6367	44.56079	0.1804726	0.603588	0.396412	0.9311177
3168	-71.95107	-115.6303	43.67924	0.7198243	0.503136	0.496864	1.249127
3174	-68.29527	-112.391	44.0957	0.3033623	0.330837	0.669163	1.249127
3180	-70.69189	-114.7755	44.08361	0.8185537	0.282938	0.717062	0.726807
3186	-81.27327	-125.5457	44.27245	0.7088234	0.620608	0.379392	0.5151364
3192	-70.70861	-115.1637	44.45511	0.3758349	0.195212	0.804788	0.8269717
3198	-70.61758	-114.7495	44.13196	0.8276041	0.377472	0.622528	0.4019857
3204	-71.80383	-115.541	43.7372	1.24176	0.502616	0.497384	0.4637691
3210	-72.471	-116.227	43.75597	1.213195	0.378767	0.621233	0.5834719
3216	-73.84026	-117.5985	43.75825	1.213195	0.378767	0.621233	0.57514
3222	-79.30055	-122.9646	43.66408	0.7336028	0.412943	0.587057	1.250278
3228	-81.78329	-125.4474	43.66408	0.7336028	0.294726	0.705274	1.250278
3234	-79.05798	-122.6817	43.62376	1.34095	0.179602	0.820398	0.4133514
3240	-78.1947	-122.3029	44.10819	0.8152524	0.268888	0.731112	0.6906676
3246	-76.01748	-119.1556	43.13815	1.575265	0.257838	0.742162	0.2171555
3252	-66.96893	-110.1988	43.22987	1.575265	0.419057	0.580943	0.2585647
3258	-74.67185	-118.061	43.38919	1.575265	0.360629	0.639371	0.5987746
3264	-68.28956	-112.2927	44.00314	0.9784288	0.583351	0.416649	0.5089439
3270	-67.42565	-111.6417	44.21603	0.2387198	0.260905	0.739095	1.202088
3276	-69.02235	-113.1559	44.13354	0.1055092	0.613502	0.386498	1.378356
3282	-64.28033	-108.5046	44.22425	0.0653344	0.492105	0.507895	1.338371
3288	-66.88653	-111.0845	44.19801	0.3795408	0.396424	0.603576	1.09323
3294	-68.66008	-112.7744	44.11436	0.4631889	0.654783	0.345217	1.09323
3300	-70.58341	-114.2275	43.64407	0.907863	0.573906	0.426094	1.116622
3306	-68.20417	-111.9183	43.71411	0.572664	0.348818	0.651182	1.340611
3312	-68.77374	-112.7807	44.00693	0.2798465	0.3245	0.6755	1.340611
3318	-73.99917	-118.1478	44.14863	0.1381466	0.611395	0.388605	1.340611
3324	-72.48983	-116.5712	44.08132	0.8875225	0.138751	0.861249	0.4239958
3330	-66.5007	-110.835	44.33427	0.5392653	0.196222	0.803778	0.7699572
3336	-71.01639	-114.9477	43.93128	1.025085	0.586936	0.413064	0.6211954
3342	-69.94972	-113.2469	43.29722	0.2225998	0.330775	0.669225	1.897896
3348	-68.64939	-112.1915	43.54211	0.2225998	0.123386	0.876614	1.728795
3354	-73.50823	-116.6978	43.18956	0.6021985	0.653871	0.346129	1.709719
3360	-66.19631	-110.2638	44.06753	0.8254777	0.522133	0.477867	0.7411579
3366	-70.53034	-115.0186	44.48823	0.450751	0.344594	0.655406	0.6607702
3372	-72.0403	-115.9168	43.87651	0.6235155	0.436081	0.563919	1.162864
3378	-73.53805	-117.8474	44.30932	0.585178	0.322064	0.677936	0.7388678
3384	-70.52483	-114.2337	43.7089	1.011058	0.250952	0.749048	0.9538091
3390	-69.20144	-113.3075	44.10603	0.6454231	0.183819	0.816181	0.9200436
3396	-73.87204	-117.6422	43.77013	1.203332	0.271183	0.728817	0.5670372
3402	-71.9124	-115.7921	43.87971	1.051673	0.575908	0.424092	0.6758467
3408	-79.71821	-123.1466	43.42836	1.225279	0.575678	0.424322	1.021015
3414	-75.84619	-119.3044	43.45823	0.816791	0.575678	0.424322	1.349963
3420	-76.13293	-120.1663	44.03334	0.9472146	0.42848	0.57152	0.5246025
3426	-78.71331	-122.7421	44.02876	0.9472146	0.70396	0.29604	0.5555658
3432	-69.51333	-113.5582	44.04487	0.3026486	0.461869	0.538131	1.291627
3438	-70.26563	-114.0379	43.77227	0.04710476	0.482739	0.517261	1.690161
3444	-75.24166	-119.1948	43.95317	0.4846134	0.354991	0.645009	1.216552
3450	-69.86423	-113.4006	43.5364	0.3044744	0.450744	0.549256	1.674861
3456	-66.45509	-110.6643	44.20923	0.06364628	0.281753	0.718247	1.351663
3462	-75.70251	-119.739	44.03654	0.7072829	0.203923	0.796077	0.9283547
3468	-71.35325	-115.6217	44.26848	0.3085674	0.360249	0.639751	1.093691
3474	-73.71238	-117.3171	43.60472	0.2824617	0.375354	0.624646	1.641714
3480	-73.62977	-118.0586	44.4288	0.1857829	0.352186	0.647814	1.058633
3486	-78.48072	-121.8962	43.41545	0.3853239	0.0661428	0.933857	1.703346
3492	-76.72185	-121.1805	44.45865	0.4513372	0.372211	0.627789	0.7140179
3498	-77.7208	-121.1602	43.4394	1.514768	0.617281	0.382719	0.3916187
3504	-67.50021	-110.796	43.29578	1.572685	0.303258	0.696742	0.2981885
3510	-66.82699	-110.6279	43.80086	1.176654	0.594552	0.405448	0.4554987
3516	-66.38682	-110.6337	44.24684	0.7315142	0.159789	0.840211	0.4600788
3522	-67.98775	-111.8438	43.85607	1.106766	0.252154	0.747846	0.6035765
3528	-66.16436	-110.6332	44.46886	0.355057	0.257251	0.742749	0.8357827
3534	-68.33163	-112.7139	44.38222	0.3358769	0.416492	0.583508	0.9557679
3540	-66.89467	-110.6735	43.77878	0.9393127	0.15253	0.84747	0.9557679
3546	-70.69352	-114.5107	43.81715	0.4234086	0.215488	0.784512	1.377171
3552	-73.83278	-117.948	44.1152	0.8474167	0.328587	0.671413	0.4085327
3558	-73.12373	-117.216	44.09226	0.8468371	0.633467	0.366533	0.3678623
3564	-73.19538	-117.1636	43.9682	0.9453899	0.709886	0.290114	0.7079404
3570	-71.63788	-115.4152	43.77728	0.02472212	0.299939	0.700061	1.702474
3576	-73.38368	-118.0717	44.68799	0.07531025	0.299939	0.700061	0.9069549
3582	-71.40682	-115.5889	44.1821	0.7652945	0.200306	0.799694	0.6426928
3588	-74.52201	-118.7776	44.25562	0.5484043	0.292415	0.707585	0.8600301
3594	-70.68875	-114.8781	44.18933	0.6146955	0.308019	0.691981	0.8600301
3600	-72.35758	-116.478	44.12042	0.6787623	0.308552	0.691448	0.8657807
3606	-69.71714	-112.7906	43.07348	0.5392357	0.229889	0.770111	1.834447
3612	-67.31766	-111.3318	44.01409	0.9525985	0.388149	0.611851	0.59177
3618	-68.74481	-113.4731	44.72833	0.08044108	0.15782	0.84218	0.8543338
3624	-65.97656	-110.2415	44.26498	0.07675918	0.431843	0.568157	1.296335
3630	-65.05551	-109.1167	44.06115	0.5989657	0.500702	0.499298	1.014647
3636	-65.12822	-109.1736	44.04534	0.6846088	0.268125	0.731875	0.9432466
3642	-70.10343	-113.9377	43.83428	1.071024	0.294961	0.705039	0.7217265
3648	-73.46374	-117.7424	44.27861	0.6515117	0.188881	0.811119	0.6782629
3654	-73.75109	-117.4246	43.67354	0.6017912	0.592106	0.407894	1.349714
3660	-70.30416	-114.4393	44.13517	0.3829674	0.211798	0.788202	1.146897
3666	-70.38342	-114.5038	44.12036	0.4509847	0.237057	0.762943	1.09893
3672	-73.76125	-117.5144	43.7532	0.2007706	0.55952	0.44048	1.593376
3678	-74.11147	-117.907	43.79553	0.01418965	0.681846	0.318154	1.697009
3684	-75.88541	-120.4989	44.6135	0.294688	0.217059	0.782941	0.7170029
3690	-78.38721	-121.7539	43.36665	0.848902	0.251095	0.748905	1.396727
3696	-76.63135	-120.6892	44.05785	0.2363224	0.573454	0.426546	1.334706
3702	-77.89351	-118.8782	40.98469	0.01687229	0.306998	0.693002	3.456828
3708	-77.02865	-121.6537	44.62507	0.03938894	0.224079	0.775921	1.010354
3714	-70.4549	-114.5229	44.06802	0.5664472	0.47065	0.52935	1.039641
3720	-73.70756	-117.2159	43.50836	1.338774	0.419348	0.580652	0.2833731
3726	-71.90189	-116.1291	44.22718	0.7374651	0.419348	0.580652	0.4132032
3732	-68.70295	-113.0653	44.3624	0.210543	0.313988	0.686012	1.097466
3738	-71.4717	-115.0254	43.55372	1.065842	0.344546	0.655454	1.053901
3744	-73.89616	-118.1561	44.25996	0.5319966	0.203011	0.796989	0.874281
3750	-68.1426	-112.8286	44.68603	0.1059242	0.396107	0.603893	0.874281
3756	-68.286	-113.1865	44.90051	0.009382867	0.262773	0.737227	0.7141767
3762	-73.19402	-117.8786	44.68454	0.2417857	0.284893	0.715107	0.6853774
3768	-73.70431	-117.5291	43.8248	1.122785	0.40116	0.59884	0.6422598
3774	-71.67811	-115.3875	43.70944	1.26241	0.579614	0.420386	0.4329821
3780	-84.69943	-126.8042	42.10477	0.8444486	0.400101	0.599899	2.273483
3786	-83.31015	-127.4094	44.0992	0.8443705	0.185353	0.814647	0.374295
3792	-72.82222	-116.7757	43.95343	0.8929213	0.763121	0.236879	0.807109
3798	-70.86347	-114.8165	43.953	0.1689196	0.711987	0.288013	1.468646
3804	-71.78942	-115.7614	43.97201	0.07837254	0.648761	0.351239	1.52238
3810	-70.20059	-114.1944	43.99384	0.8794304	0.292252	0.707748	0.7703352
3816	-72.43591	-115.8718	43.43589	0.7139779	0.244466	0.755534	1.447376
3822	-68.20704	-112.1566	43.94958	1.0318	0.455676	0.544324	0.4869886
3828	-72.10284	-116.1206	44.0178	0.897418	0.553377	0.446623	0.7051625
3834	-72.86851	-117.1172	44.24866	0.2087298	0.364664	0.635336	1.199834
3840	-74.95444	-119.0336	44.07915	0.04763693	0.446069	0.553931	1.464952
3846	-77.21378	-121.7045	44.49068	0.2753092	0.170523	0.829477	0.9039447
3852	-78.35899	-122.5101	44.1511	0.09985345	0.573702	0.426298	1.368999
3858	-77.91211	-121.8182	43.90606	0.9909416	0.582093	0.417907	0.7349789
3864	-75.42071	-119.6591	44.23837	0.5178137	0.503473	0.496527	0.9148399
3870	-75.3977	-118.7476	43.34991	0.4044441	0.32139	0.67861	1.736073
3876	-74.02249	-117.5432	43.5207	0.3011025	0.63226	0.36774	1.688432
3882	-79.30402	-123.5977	44.29372	0.6830763	0.519347	0.480653	0.5512626
3888	-74.25457	-118.5022	44.2476	0.1172875	0.321291	0.678709	1.27741
3894	-73.74518	-117.9936	44.24842	0.08680155	0.523443	0.476557	1.301634
3900	-69.41309	-113.8445	44.43145	0.5050526	0.473311	0.526689	0.6657974
3906	-67.77342	-112.3993	44.62585	0.3359719	0.470911	0.529089	0.6065019
3912	-69.5659	-113.6277	44.06182	0.9083207	0.470911	0.529089	0.5800171
3918	-70.84852	-115.3536	44.50511	0.3211759	0.13578	0.86422	0.8328266
3924	-76.78976	-120.5932	43.80341	1.132197	0.364858	0.635142	0.6675954
3930	-75.16798	-119.7569	44.58897	0.3153549	0.545771	0.454229	0.7233295
3936	-72.60141	-116.1735	43.57206	1.311896	0.308063	0.691937	0.310224
3942	-74.69033	-118.0996	43.40926	1.474703	0.531334	0.468666	0.310224
3948	-66.49836	-110.7399	44.24153	0.5754513	0.408037	0.591963	0.8443523
3954	-65.65506	-109.6895	44.03443	0.8072916	0.344688	0.655312	0.8131606
3960	-73.2079	-117.5885	44.38057	0.3653763	0.564196	0.435804	0.9260408
3966	-68.75227	-112.5554	43.80308	1.160594	0.372056	0.627944	0.4109159
3972	-75.42901	-119.2035	43.77453	1.160594	0.457681	0.542319	0.6685546
3978	-72.19296	-115.9932	43.80026	1.160594	0.435259	0.564741	0.6092161
3984	-73.87196	-117.9537	44.08171	0.7763989	0.695863	0.304137	0.7914109
3990	-67.8145	-112.1083	44.29377	0.5960866	0.358253	0.641747	0.7459742
3996	-70.53245	-114.9268	44.39438	0.3316113	0.550949	0.449051	0.9474428
4002	-77.68994	-120.8105	43.12056	0.2261676	0.27769	0.72231	2.014174
4008	-68.39066	-112.505	44.11434	0.4085438	0.373666	0.626334	1.142678
4014	-65.05849	-108.9654	43.90691	1.006196	0.373666	0.626334	0.7087772
4020	-66.36405	-110.7569	44.39282	0.2559014	0.478273	0.521727	1.025821
4026	-67.4948	-111.5748	44.08003	0.8338642	0.299331	0.700669	0.7074344
4032	-67.80129	-112.6249	44.82364	0.0483618	0.172901	0.827099	0.772134
4038	-70.61334	-114.5782	43.96483	0.8187989	0.559934	0.440066	0.8839339
4044	-70.78246	-114.7545	43.97204	0.6881911	0.332577	0.667423	1.014536
4050	-68.73538	-113.1542	44.41883	0.4884484	0.266444	0.733556	0.7185097
4056	-71.06082	-115.4875	44.42671	0.4884484	0.312447	0.687553	0.7052567
4062	-71.52483	-115.8971	44.37228	0.5146335	0.0732526	0.926747	0.7504111
4068	-77.19212	-120.9309	43.7388	1.053252	0.254562	0.745438	0.8741624
4074	-71.51383	-115.8164	44.30253	0.4455285	0.499653	0.500347	0.9237503
4080	-77.05795	-120.1202	43.06225	1.32679	0.538797	0.461203	0.1325611
4086	-76.17526	-118.9659	42.79069	1.889647	0.538797	0.461203	0.2050728
4092	-80.37825	-125.0514	44.67314	0.3007652	0.440568	0.559432	0.4400689
4098	-73.6817	-118.3581	44.67642	0.1411585	0.526158	0.473842	0.8436232
4104	-74.52973	-117.8696	43.33986	0.7669929	0.741699	0.258301	1.480047
4110	-68.9076	-113.1711	44.26348	0.5159695	0.326939	0.673061	0.8887291
4116	-70.47655	-114.6922	44.21563	0.4963803	0.295379	0.704621	0.9621218
4122	-68.27708	-112.8658	44.58873	0.3222198	0.303611	0.696389	0.7124046
4128	-66.2305	-110.573	44.3425	0.4831943	0.378068	0.621932	0.8335638
4134	-71.79036	-116.1329	44.3425	0.4831943	0.382147	0.617853	0.8335638
4140	-72.67759	-116.7595	44.08187	0.7517033	0.308079	0.691921	0.8236348
4146	-78.42656	-121.992	43.56548	0.4587039	0.363073	0.636927	1.541824
4152	-81.73835	-125.7511	44.01275	0.1542596	0.36472	0.63528	1.434255
4158	-72.61623	-117.2064	44.5902	0.1467002	0.333301	0.666699	0.9358226
4164	-68.50928	-112.5534	44.04412	0.9357091	0.578998	0.421002	0.4698479
4170	-66.36579	-110.0639	43.69815	0.09276143	0.530827	0.469173	1.71032
4176	-68.83021	-112.915	44.08479	0.6869111	0.698403	0.301597	0.8975304
4182	-66.53781	-110.5585	44.02073	0.9113449	0.378055	0.621945	0.6745218
4188	-70.37284	-114.1137	43.74091	0.7761846	0.430841	0.569159	1.147824
4194	-68.85886	-112.5668	43.70798	1.243437	0.430841	0.569159	0.3867895
4200	-67.03813	-111.015	43.9769	0.7645473	0.301781	0.698219	0.9309227
4206	-66.22156	-110.3957	44.17418	0.5847696	0.301781	0.698219	0.9117803
4212	-69.65655	-114.0221	44.36554	0.1721095	0.25875	0.74125	1.129493
4218	-75.8066	-120.3809	44.57429	0.1324165	0.138553	0.861447	0.9676301
4224	-73.17747	-117.1034	43.9259	0.742788	0.380777	0.619223	1.006162
4230	-77.0455	-120.1164	43.07094	0.2472166	0.410603	0.589397	2.033151
4236	-66.37436	-111.0652	44.69086	0.05516521	0.123148	0.876852	0.9259597
4242	-69.50742	-112.962	43.45457	0.3773558	0.476967	0.523033	1.68124
4248	-71.99281	-116.4592	44.46636	0.05519598	0.534868	0.465132	1.143859
4254	-74.31972	-118.3968	44.07713	0.4834425	0.52158	0.47842	1.108782
4260	-74.58288	-117.0966	42.51371	0.1942477	0.662993	0.337007	2.426725
4266	-69.75221	-112.641	42.88874	0.07872413	0.224819	0.775181	2.261781
4272	-73.91451	-117.7992	43.88473	0.1313233	0.619748	0.380252	1.547836
4278	-76.04868	-120.1092	44.06054	0.03491826	0.3833	0.6167	1.488636
4284	-75.07309	-119.0467	43.97361	0.865082	0.347743	0.652257	0.8170793
4290	-76.96203	-120.4675	43.50546	0.4749834	0.589715	0.410285	1.574036
4296	-79.86457	-123.6626	43.79799	1.150304	0.496606	0.503394	0.640664
4302	-66.75117	-110.714	43.96286	1.017807	0.335517	0.664483	0.523293
4308	-69.5494	-113.3657	43.81632	1.146847	0.243057	0.756943	0.6025983
4314	-78.47315	-122.2529	43.7798	0.8551403	0.414321	0.585679	1.039185
4320	-81.29523	-124.8439	43.5487	1.400331	0.720596	0.279404	0.3828014
4326	-80.13553	-123.6473	43.51174	1.463124	0.370075	0.629925	0.443708
4332	-70.7341	-115.0523	44.31823	0.543787	0.277807	0.722193	0.7860749
4338	-69.17753	-113.4335	44.25597	0.6060513	0.383913	0.616087	0.7860749
4344	-67.43084	-111.3917	43.9609	0.774785	0.493634	0.506366	0.937125
4350	-76.67749	-120.3817	43.70418	0.1036173	0.267216	0.732784	1.698371
4356	-80.57833	-125.0648	44.48643	0.07326338	0.383523	0.616477	1.109582
4362	-74.99091	-118.8634	43.87252	1.044566	0.529665	0.470335	0.7019255
4368	-68.13621	-112.5211	44.38489	0.4575929	0.607591	0.392409	0.8121708
4374	-70.85944	-115.3089	44.44946	0.4355978	0.244054	0.755946	0.7531744
4380	-66.99935	-110.6557	43.65634	1.245466	0.309866	0.690134	0.7273733
4386	-66.03347	-110.244	44.21054	0.7603261	0.407726	0.592274	0.5773249
4392	-66.00642	-110.0248	44.01834	0.9525296	0.447065	0.552935	0.5773249
4398	-68.48242	-112.5268	44.04434	0.6912309	0.30279	0.69721	0.9372427
4404	-69.55297	-113.0274	43.47442	0.3707953	0.307048	0.692952	1.67177
4410	-67.08968	-111.2989	44.20921	0.6861679	0.423791	0.576209	0.7375113
4416	-65.2723	-109.0786	43.8063	0.8277279	0.341059	0.658941	1.040062
4422	-64.40384	-108.4087	44.00487	0.9575726	0.455753	0.544247	0.6047252
4428	-65.40533	-109.8582	44.45286	0.3022942	0.452646	0.547354	0.9159698
4434	-65.54935	-109.5897	44.04034	0.8427733	0.495284	0.504716	0.7560569
4440	-66.76825	-111.1263	44.35809	0.008933436	0.278485	0.721515	1.275652
4446	-65.2519	-109.829	44.57713	0.1156363	0.460693	0.539307	0.9819398
4452	-68.30541	-113.002	44.69656	0.0326444	0.219335	0.780665	0.9440344
4458	-72.09648	-115.292	43.19554	0.3380262	0.554723	0.445277	1.888557
4464	-83.80282	-127.2813	43.47851	0.7361277	0.343837	0.656163	1.397436
4470	-79.91885	-123.4436	43.52479	0.268506	0.11915	0.88085	1.708636
4476	-80.01558	-122.3777	42.36216	0.1183972	0.652294	0.347706	2.568892
4482	-77.50126	-121.7969	44.29564	0.6607846	0.488721	0.511279	0.6210435
4488	-72.98395	-116.919	43.935	0.3643002	0.415669	0.584331	1.3306
4494	-75.47123	-119.1954	43.7242	0.3371445	0.500718	0.499282	1.514208
4500	-77.01095	-120.5626	43.55164	0.6381435	0.273412	0.726588	1.41671
4506	-74.62743	-119.1586	44.53118	0.04888095	0.206031	0.793969	1.090909
4512	-73.35117	-117.5166	44.16544	0.7111548	0.4899	0.5101	0.7655726
4518	-76.34645	-119.9603	43.61389	0.4199383	0.675987	0.324013	1.534684
4524	-75.01657	-119.5278	44.51123	0.2466599	0.211846	0.788154	0.9129575
4530	-75.93621	-120.0652	44.12898	0.2408705	0.510956	0.489044	1.273322
4536	-71.90068	-116.1956	44.2949	0.07495564	0.581909	0.418091	1.273322
4542	-73.49735	-117.5975	44.10019	0.8257471	0.386738	0.613262	0.3510474
4548	-74.88501	-119.1675	44.28247	0.4607572	0.1188	0.8812	0.9289958
4554	-72.78554	-117.1008	44.31525	0.06955537	0.0742393	0.925761	1.260977
4560	-72.1297	-116.0495	43.91978	0.417994	0.442266	0.557734	1.299561
4566	-73.90698	-117.5742	43.66726	1.157026	0.266719	0.733281	0.8353293
4572	-68.32565	-112.449	44.12335	0.7824723	0.515283	0.484717	0.7208867
4578	-65.89037	-110.0191	44.12869	0.7824723	0.515283	0.484717	0.7120523
4584	-70.28872	-114.3825	44.09382	0.6066137	0.343928	0.656072	0.9740978
4590	-75.85545	-120.0192	44.16372	0.1468949	0.63585	0.36415	1.321522
4596	-73.11809	-117.1719	44.05377	0.8461121	0.386102	0.613898	0.7304403
4602	-75.53252	-119.6988	44.16625	0.7608716	0.249285	0.750715	0.6839128
4608	-72.69701	-117.0062	44.30918	0.4127304	0.532684	0.467316	0.951756
4614	-72.41274	-116.5697	44.15693	0.7250364	0.649565	0.350435	0.7577553
4620	-73.35501	-116.9793	43.62427	0.2870278	0.473689	0.526311	1.624336
4626	-73.51176	-117.9042	44.39243	0.02282343	0.411779	0.588221	1.235578
4632	-75.66962	-119.2029	43.53324	1.318618	0.282442	0.717558	0.286505
4638	-72.81892	-115.7641	42.94521	1.637209	0.246888	0.753112	0.17514
4644	-72.13999	-115.4414	43.30138	1.637209	0.412384	0.587616	0.367152
4650	-67.93403	-111.7844	43.85036	0.6891463	0.605231	0.394769	1.12783
4656	-66.39764	-110.5046	44.10697	0.5108828	0.251977	0.748023	1.055534
4662	-70.11236	-114.6604	44.54802	0.3031109	0.444163	0.555837	0.8007922
4668	-76.28154	-120.3547	44.07316	0.302182	0.279042	0.720958	1.268798
4674	-74.85834	-119.5572	44.69884	0.01991101	0.513411	0.486589	0.9550753
4680	-72.42891	-116.8484	44.41944	0.06566488	0.2559	0.7441	1.175902
4686	-74.04836	-118.6049	44.55651	0.070788	0.519123	0.480877	1.046519
4692	-74.04375	-117.9502	43.90646	0.7208455	0.247618	0.752382	1.046519
4698	-65.63655	-109.8421	44.20556	0.7614425	0.230077	0.769923	0.5907525
4704	-71.12226	-115.6018	44.47956	0.4238965	0.230077	0.769923	0.7247299
4710	-79.17621	-122.6733	43.49711	1.376894	0.187456	0.812544	0.3023518
4716	-85.25866	-128.8589	43.60028	1.376894	0.315308	0.684692	0.4537936
4722	-75.54139	-119.8539	44.31252	0.3334315	0.353327	0.646673	1.028519
4728	-73.87208	-118.0117	44.13962	0.7967666	0.413387	0.586613	0.666043
4734	-73.50843	-118.0403	44.53191	0.374784	0.612078	0.387922	0.7194669
4740	-78.45678	-123.0896	44.63282	0.09888643	0.589262	0.410738	0.9413743
4746	-77.40695	-121.0087	43.6018	1.297676	0.217512	0.782488	0.3236456
4752	-72.95649	-116.4209	43.46442	1.47582	0.470099	0.529901	0.3694636
4758	-75.72733	-119.3302	43.60289	0.9063899	0.657999	0.342001	1.15473
4764	-72.48527	-117.3033	44.81803	0.03450141	0.657999	0.342001	0.7989294
4770	-81.29276	-125.296	44.00327	0.9021886	0.305481	0.694519	0.7214765
4776	-71.46626	-115.2699	43.80366	1.168985	0.201206	0.798794	0.4356082
4782	-71.40132	-115.5662	44.16483	0.7927868	0.321994	0.678006	0.3980995
4788	-68.35011	-112.4966	44.14646	0.4404811	0.492394	0.507606	1.084543
4794	-72.5672	-117.2073	44.64014	0.2163195	0.154061	0.845939	0.7936449
4800	-67.38106	-112.2068	44.82576	0.120554	0.539181	0.460819	0.645106
4806	-68.80008	-112.3324	43.53232	0.04638026	0.533105	0.466895	1.857772
4812	-83.34096	-126.9631	43.6221	0.5982609	0.10336	0.89664	1.392973
4818	-75.41806	-119.3162	43.8981	0.1703731	0.13209	0.86791	1.50888
4824	-73.452	-117.2267	43.77472	0.2702798	0.355946	0.644054	1.526387
4830	-70.91521	-115.438	44.52282	0.3081561	0.456672	0.543328	0.8269278
4836	-72.57004	-116.8445	44.27449	0.5302943	0.6841	0.3159	0.8591211
4842	-68.72061	-112.1968	43.47623	1.504747	0.35111	0.64889	0.4809641
4848	-65.50032	-109.641	44.14069	0.2319627	0.478228	0.521772	1.271018
4854	-67.27678	-110.5277	43.25089	0.5582153	0.54769	0.45231	1.697443
4860	-62.10178	-106.1451	44.04336	0.7196106	0.170355	0.829645	0.9073238
4866	-65.16901	-109.1941	44.02508	0.3969289	0.39734	0.60266	1.229893
4872	-70.58742	-115.0795	44.49205	0.03948488	0.141772	0.858228	1.134968
4878	-68.31408	-112.5765	44.26244	0.6823319	0.22753	0.77247	0.6485106
4884	-64.19089	-108.1132	43.92233	1.022444	0.158438	0.841562	0.6485106
4890	-68.09696	-112.0827	43.98571	0.5114661	0.243293	0.756707	1.165365
4896	-70.86574	-114.8121	43.94634	0.4541304	0.352804	0.647196	1.247949
4902	-73.88531	-117.3692	43.48389	1.24066	0.128499	0.871501	0.9489671
4908	-65.24576	-109.2623	44.01651	0.3248808	0.478467	0.521533	1.296623
4914	-70.58808	-115.0183	44.43022	0.1534682	0.22918	0.77082	1.087561
4920	-69.15757	-113.7529	44.59537	0.3010042	0.209906	0.790094	0.7359614
4926	-69.33192	-113.5936	44.26163	0.2618438	0.311343	0.688657	1.142153
4932	-70.60371	-114.7228	44.11909	0.02739643	0.536671	0.463329	1.44996
4938	-70.49817	-114.1648	43.66665	0.4389564	0.39423	0.60577	1.480988
4944	-70.55967	-114.6044	44.04475	0.06084879	0.158846	0.841154	1.480988
4950	-64.33357	-108.1514	43.81784	0.1647278	0.216171	0.783829	1.572477
4956	-69.497	-113.4496	43.9526	0.8346495	0.430607	0.569393	0.8797518
4962	-72.07188	-116.0245	43.9526	0.8346495	0.609757	0.390243	0.8797518
4968	-66.28512	-110.3695	44.08438	0.6906373	0.266623	0.733377	0.8937715
4974	-65.08492	-109.1181	44.03314	0.8852708	0.467907	0.532093	0.6996199
4980	-68.25949	-111.5485	43.289	0.8689959	0.280577	0.719423	1.441159
4986	-67.39305	-111.3762	43.98314	0.1748565	0.148356	0.851644	1.441159
4992	-68.69568	-112.2035	43.50784	0.3847781	0.237001	0.762999	1.637807
4998	-69.4897	-113.423	43.93334	0.08411802	0.256621	0.743379	1.546802
5004	-69.79101	-113.5634	43.77234	1.09477	0.267567	0.732433	0.779027
5010	-68.31427	-112.3695	44.05519	0.5101566	0.358283	0.641717	1.104422
5016	-66.92091	-111.0726	44.15166	0.7457365	0.240045	0.759955	0.73435
5022	-66.54125	-110.4875	43.94623	1.003481	0.235418	0.764582	0.6374114
5028	-70.24111	-113.6963	43.45519	0.803413	0.41434	0.58566	1.362964
5034	-74.44081	-118.5671	44.12627	0.8399799	0.462009	0.537991	0.4171344
5040	-72.66111	-116.756	44.09487	0.8862497	0.298384	0.701616	0.4827898
5046	-68.87697	-113.0952	44.21826	0.3246665	0.396533	0.603467	1.124751
5052	-73.73567	-118.2267	44.49106	0.02752073	0.450682	0.549318	1.146502
5058	-76.91392	-120.1314	43.21748	0.2208371	0.147578	0.852422	1.952947
5064	-80.17414	-124.5421	44.36795	0.2665426	0.308431	0.691569	1.039612
5070	-71.10675	-114.8214	43.7147	1.039498	0.631334	0.368666	0.9170267
5076	-71.28691	-115.161	43.87408	0.6613292	0.390413	0.609587	1.1315
5082	-74.41808	-117.8303	43.41222	0.8178954	0.291053	0.708947	1.385354
5088	-76.65301	-120.3515	43.69849	0.5988374	0.528205	0.471795	1.332181
5094	-71.74836	-116.6462	44.89782	0.01131985	0.559655	0.440345	0.7154229
5100	-79.04125	-122.0989	43.05769	1.801949	0.28561	0.71439	0.291841
5106	-74.24251	-117.9982	43.75573	0.9196438	0.474511	0.525489	0.9994933
5112	-76.78052	-121.4991	44.71853	0.173339	0.204311	0.795689	0.7429144
5118	-76.92607	-120.8338	43.90768	0.4597554	0.535588	0.464412	1.275311
5124	-78.71098	-122.4286	43.71764	0.699685	0.536727	0.463273	1.233839
5130	-73.59646	-116.8059	43.20943	0.01572051	0.524706	0.475294	2.094523
5136	-71.09901	-115.0833	43.98434	0.8940297	0.544586	0.455414	0.7630112
5142	-79.07905	-123.4466	44.36758	0.04186841	0.276415	0.723585	1.240447
5148	-81.83853	-125.7648	43.92623	0.5733431	0.634193	0.365807	1.163265
5154	-80.58352	-124.3273	43.74375	0.7155643	0.397949	0.602051	1.198183
5160	-79.48394	-122.7266	43.24266	0.7155643	0.530264	0.469736	1.590279
5166	-80.70573	-124.9631	44.25732	0.4427215	0.475485	0.524515	0.9744934
5172	-72.76871	-116.84	44.07129	0.884131	0.475485	0.524515	0.6236028
5178	-71.81619	-116.1841	44.36796	0.09538321	0.444482	0.555518	1.194716
5184	-73.9814	-117.5734	43.59196	0.3535652	0.444482	0.555518	1.599524
5190	-71.37545	-115.4549	44.07942	0.07039604	0.411787	0.588213	1.447419
5196	-68.14528	-112.0964	43.95107	0.3480664	0.25549	0.74451	1.33073
5202	-74.43276	-118.9194	44.48666	0.3848196	0.482652	0.517348	0.7728833
5208	-72.25173	-115.955	43.70326	0.4550329	0.302027	0.697973	1.440931
5214	-77.20129	-121.0931	43.89182	0.3747734	0.474242	0.525758	1.356647
5220	-72.86787	-116.5708	43.70288	1.013002	0.590752	0.409248	0.9580788
5226	-71.95124	-115.3811	43.42982	0.6343633	0.453364	0.546636	1.512089
5232	-62.5959	-106.9834	44.38748	0.149117	0.332036	0.667964	1.130441
5238	-68.10393	-112.6329	44.529	0.443898	0.332036	0.667964	0.5694059
5244	-72.33021	-116.8893	44.55913	0.3347546	0.25525	0.74475	0.7398108
5250	-72.46782	-116.2724	43.80457	0.794852	0.185451	0.814549	1.072911
5256	-73.34931	-117.3247	43.97537	0.9086124	0.411281	0.588719	0.7547826
5262	-68.08433	-111.8676	43.78322	1.193055	0.411281	0.588719	0.5540061
5268	-70.92516	-115.3177	44.39258	0.3818548	0.307436	0.692564	0.8944337
5274	-71.00179	-114.5102	43.50838	0.346323	0.121159	0.878841	1.664994
5280	-66.12349	-110.4543	44.33081	0.5325492	0.561635	0.438365	0.7842216
5286	-73.14848	-116.6903	43.54179	0.4109485	0.116884	0.883116	1.594274
5292	-70.50627	-114.3145	43.80825	1.165062	0.432753	0.567247	0.4379268
5298	-72.46672	-116.1011	43.63436	1.333336	0.27064	0.72936	0.4208771
5304	-70.057	-113.3796	43.32258	1.333336	0.56563	0.43437	0.1968689
5310	-74.74888	-118.443	43.69412	1.247662	0.142997	0.857003	0.3716771
5316	-71.94967	-115.7488	43.79912	0.8359366	0.650969	0.349031	1.039067
5322	-72.77398	-116.7124	43.93843	0.6491547	0.423799	0.576201	1.083948
5328	-75.05672	-118.9169	43.86019	0.7273981	0.549648	0.450352	1.083948
5334	-75.77358	-119.4452	43.67165	1.186249	0.242662	0.757338	0.7917029
5340	-77.29642	-121.4009	44.10452	0.4765071	0.136584	0.863416	1.090018
5346	-77.36886	-121.652	44.28314	0.698316	0.310796	0.689204	0.5116863
5352	-71.9785	-115.4367	43.45817	0.7609993	0.480467	0.519533	1.393905
5358	-77.37114	-121.5066	44.13542	0.7609993	0.361554	0.638446	0.7358911
5364	-73.50742	-118.0514	44.54394	0.08666891	0.590943	0.409057	1.043351
5370	-77.65707	-121.7597	44.10264	0.09767665	0.311542	0.688458	1.408559
5376	-78.28533	-122.2693	43.98397	0.2409124	0.608327	0.391673	1.389447
5382	-71.7468	-116.3674	44.62058	0.2023653	0.371867	0.628133	0.8369923
5388	-74.04264	-118.1419	44.09925	0.645778	0.48174	0.51826	0.9270414
5394	-74.72123	-118.3988	43.67754	0.04380474	0.339159	0.660841	1.759186
5400	-70.30007	-114.4213	44.12127	0.2104716	0.39	0.61	1.304458
5406	-71.94997	-115.9459	43.99589	0.7547734	0.284701	0.715299	0.9208988
5412	-76.16414	-119.8915	43.72733	0.8432471	0.233823	0.766177	1.099639
5418	-77.66282	-121.515	43.85219	1.107142	0.636404	0.363596	0.6133927
5424	-82.85753	-126.7559	43.89837	0.6689276	0.469662	0.530338	1.102641
5430	-75.93616	-119.4579	43.52177	0.4259325	0.384186	0.615814	1.597944
5436	-79.69808	-123.6191	43.92105	0.02665498	0.288427	0.711573	1.597944
5442	-82.17761	-125.9662	43.78856	0.2874438	0.553244	0.446756	1.503244
5448	-81.30937	-124.9254	43.61606	0.4599469	0.571241	0.428759	1.503244
5454	-74.49126	-116.7263	42.23505	2.27025	0.36353	0.63647	0.1560753
5460	-75.01824	-118.1564	43.13816	1.76147	0.367187	0.632813	0.323795
5466	-74.37202	-117.5446	43.17254	1.727091	0.258819	0.741181	0.323795
5472	-81.47818	-125.4993	44.02115	0.8765328	0.535496	0.464504	0.7339124
5478	-78.49684	-122.1334	43.63659	1.345028	0.389899	0.610101	0.4928069
5484	-71.0516	-115.2989	44.24729	0.2131609	0.214996	0.785004	1.197204
5490	-81.19768	-125.1905	43.99277	0.2626065	0.433419	0.566581	1.365511
5496	-70.35799	-114.092	43.73401	0.05773896	0.454345	0.545655	1.709728
5502	-73.559	-117.6391	44.08009	0.1517689	0.62768	0.37232	1.383993
5508	-74.60231	-119.2128	44.61052	0.2129103	0.712166	0.287834	0.8363866
5514	-79.65167	-123.9096	44.25789	0.1476106	0.628469	0.371531	1.243748
5520	-71.57955	-114.4947	42.91519	0.6218182	0.549237	0.450763	1.886214
5526	-68.92229	-112.5051	43.58284	0.4739419	0.283659	0.716341	1.517611
5532	-74.67817	-118.455	43.77688	0.3808459	0.579335	0.420665	1.441369
5538	-68.57003	-112.6725	44.10248	0.723327	0.316742	0.683258	0.8334293
5544	-69.97335	-112.8037	42.83035	0.5617861	0.399173	0.600827	1.9839
5550	-70.47073	-114.86	44.38929	0.1505989	0.468638	0.531362	1.127489
5556	-72.40814	-116.738	44.32984	0.2100427	0.370658	0.629342	1.127489
5562	-66.54656	-110.5413	43.99473	0.9462569	0.579271	0.420729	0.3705329
5568	-71.4081	-115.9028	44.4947	0.3360333	0.288138	0.711862	0.827231
5574	-72.98402	-117.1623	44.17831	0.5888054	0.651924	0.348076	0.9026834
5580	-77.22837	-121.3138	44.08545	0.1814993	0.568966	0.431034	1.35636
5586	-79.97246	-123.9134	43.94098	0.5909357	0.184107	0.815893	1.134632
5592	-75.90294	-119.652	43.74904	0.5832144	0.494691	0.505309	1.304045
5598	-81.09498	-124.7903	43.69529	0.1664954	0.489357	0.510643	1.659927
5604	-72.95695	-117.1496	44.19264	0.3995785	0.459242	0.540758	1.07964
5610	-74.82929	-118.4505	43.62122	1.024119	0.169078	0.830922	1.029119
5616	-70.95032	-115.0228	44.0725	0.858712	0.538816	0.461184	0.6761801
5622	-72.90088	-116.3442	43.44332	1.404261	0.538816	0.461184	0.2836651
5628	-71.87812	-116.3645	44.48639	0.4752937	0.321112	0.678888	0.6068794
5634	-78.06592	-120.8656	42.79972	0.4344822	0.352864	0.647136	2.088577
5640	-72.8044	-117.3323	44.52795	0.1110462	0.497435	0.502565	1.035261
5646	-69.18871	-113.3238	44.13513	0.5684061	0.295151	0.704849	0.9709019
5652	-70.24075	-114.0818	43.84109	0.8748391	0.551679	0.448321	0.9580311
5658	-72.46774	-116.5003	44.03261	0.8252028	0.268608	0.731392	0.2905622
5664	-76.82622	-119.4099	42.58367	1.967706	0.523365	0.476635	0.1670681
5670	-74.80368	-117.2796	42.47588	1.967706	0.162899	0.837101	0.142925
5676	-71.42877	-113.5981	42.16935	1.90698	0.353357	0.646643	0.08884613
5682	-73.95088	-115.4586	41.50772	2.467652	0.194397	0.805603	0.078701
5688	-68.39743	-110.0851	41.68763	2.467652	0.517597	0.482403	0.09790316
5694	-67.11783	-108.8226	41.7048	2.467652	0.269658	0.730342	0.1000209
5700	-69.3668	-111.9269	42.56012	2.178589	0.513395	0.486605	0.2272699
5706	-67.65399	-111.0307	43.37672	1.457468	0.431958	0.568042	0.275183
5712	-70.79704	-114.296	43.49893	1.457468	0.301576	0.698424	0.3957458
5718	-69.41754	-112.6646	43.24709	1.457468	0.409106	0.590894	0.2138015
5724	-69.50527	-113.3127	43.80738	0.5268306	0.418692	0.581308	1.302456
5730	-75.29805	-118.6706	43.3725	0.9297482	0.418692	0.581308	1.328236
5736	-73.01131	-117.3424	44.3311	0.2627816	0.369106	0.630894	1.078091
5742	-74.28084	-118.9043	44.62348	0.3576153	0.299258	0.700742	0.4825103
5748	-71.89658	-116.149	44.25238	0.6938878	0.511612	0.488388	0.6452077
5754	-78.49733	-122.3527	43.85533	0.8768577	0.144276	0.855724	0.9408591
5760	-79.40043	-122.4686	43.06817	1.095622	0.36915	0.63085	1.436718
5766	-72.33836	-116.1713	43.83291	0.4180572	0.462797	0.537203	1.368987
5772	-68.21137	-112.3769	44.16557	0.4180572	0.204404	0.795596	1.087618
5778	-69.49576	-113.6973	44.20154	0.4647444	0.409997	0.590003	1.008552
5784	-68.88804	-112.8016	43.91356	1.06811	0.474972	0.525028	0.5053292
5790	-67.22052	-111.0016	43.78103	0.6725475	0.448434	0.551566	1.203091
5796	-70.53286	-114.6992	44.16633	0.1029976	0.637532	0.362468	1.354477
5802	-65.18335	-109.3713	44.18795	0.5345983	0.314104	0.685896	0.9510842
5808	-64.82499	-109.3451	44.52013	0.03728218	0.382639	0.617361	1.111657
5814	-69.27896	-113.2309	43.95194	0.675272	0.178341	0.821659	1.046605
5820	-66.06934	-110.2867	44.2174	0.4098101	0.150664	0.849336	1.046605
5826	-71.34473	-115.9934	44.64866	0.2511139	0.65679	0.34321	0.730618
5832	-70.67776	-115.5402	44.86246	0.06286355	0.325	0.675	0.6872246
5838	-68.23772	-112.7118	44.47405	0.4573753	0.327944	0.672056	0.6757775
5844	-74.28931	-118.2388	43.94945	0.9199477	0.327944	0.672056	0.7758232
5850	-72.25303	-116.3477	44.09469	0.7375411	0.578133	0.421867	0.8253334
5856	-72.33677	-116.4411	44.10432	0.6998242	0.496571	0.503429	0.859881
5862	-72.92914	-116.7482	43.81904	1.156821	0.399118	0.600882	0.5561242
5868	-78.02096	-121.6744	43.65347	1.22116	0.415582	0.584418	0.3028319
5874	-70.79244	-114.905	44.11253	0.1611463	0.39728	0.60272	1.351029
5880	-74.84948	-118.8328	43.98334	0.4642731	0.615938	0.384062	1.208191
5886	-68.48785	-112.2996	43.81175	0.6358651	0.504134	0.495866	1.208191
5892	-70.40545	-114.5357	44.13029	0.6358651	0.585139	0.414861	0.903761
5898	-72.07148	-116.0375	43.96604	1.006309	0.408936	0.591064	0.5716378
5904	-67.50082	-111.7275	44.22669	0.7008951	0.38771	0.61229	0.6830409
5910	-72.93726	-116.6821	43.74488	1.093126	0.3595	0.6405	0.8179565
5916	-73.84472	-117.693	43.8483	0.2782345	0.544045	0.455955	1.465145
5922	-70.98552	-115.6167	44.63121	0.08283201	0.609542	0.390458	0.960004
5928	-72.97603	-117.0746	44.09861	0.6154328	0.34956	0.65044	0.960004
5934	-71.37812	-115.6341	44.25595	0.4703945	0.314831	0.685169	0.9470768
5940	-76.23293	-120.4599	44.22696	0.7538869	0.208645	0.791355	0.4794171
5946	-72.36245	-116.6686	44.30611	0.2359918	0.389117	0.610883	1.125499
5952	-78.6019	-122.6935	44.09162	0.8613029	0.22732	0.77268	0.6297814
5958	-79.06078	-123.1958	44.13503	0.3064116	0.294094	0.705906	1.213445
5964	-69.47171	-113.9019	44.43021	0.4952304	0.293298	0.706702	0.6870123
5970	-76.9092	-121.1903	44.28113	0.372983	0.384298	0.615702	1.020552
5976	-84.27104	-127.3219	43.05086	0.2122624	0.742177	0.257823	2.069533
5982	-75.92591	-120.5746	44.64864	0.1122729	0.44964	0.55036	0.9096101
5988	-71.08047	-115.0696	43.9891	0.2249539	0.522777	0.477223	1.397887
5994	-78.11047	-122.054	43.94354	0.7752207	0.630759	0.369241	0.9550733
6000	-70.11128	-114.349	44.23773	0.3650195	0.500577	0.499423	1.069789
6006	-68.90548	-113.2733	44.36785	0.2349008	0.858957	0.141043	1.069789
6012	-67.69555	-112.3989	44.70339	0.1041529	0.395696	0.604304	0.855816
6018	-67.94519	-111.7665	43.82131	1.130552	0.581698	0.418302	0.6323431
6024	-68.05052	-112.1307	44.08017	0.8166182	0.594856	0.405144	0.7353081
6030	-69.79618	-114.4922	44.69605	0.169413	0.257682	0.742318	0.7813094
6036	-72.11802	-116.2605	44.1425	0.7229662	0.292594	0.707406	0.7813094
6042	-83.833	-126.7665	42.93353	2.006659	0.466376	0.533624	0.369397
6048	-89.81695	-132.577	42.76009	2.006659	0.125131	0.874869	0.239538
6054	-77.51945	-121.1341	43.61464	1.360593	0.442671	0.557329	0.4451658
6060	-76.78247	-120.5011	43.71864	1.006632	0.400769	0.599231	0.9482037
6066	-70.56526	-114.6284	44.06315	0.7823474	0.332867	0.667133	0.8082384
6072	-68.18002	-112.107	43.927	0.7823474	0.373965	0.626035	0.964887
6078	-68.67965	-113.4782	44.79859	0.05398505	0.352646	0.647354	0.7988719
6084	-73.38167	-116.3444	42.96273	0.3696763	0.492772	0.507228	2.023694
6090	-72.01605	-115.2284	43.2123	0.120104	0.618443	0.381557	2.023694
6096	-69.56407	-113.5295	43.96543	0.008473505	0.589544	0.410456	1.578821
6102	-67.2676	-111.2996	44.032	0.5494466	0.284312	0.715688	1.089635
6108	-74.64463	-118.0525	43.40786	0.1348729	0.390564	0.609436	1.882319
6114	-72.19348	-116.2124	44.0189	0.5582406	0.305538	0.694462	1.093601
6120	-71.66033	-115.4919	43.83155	0.7455901	0.66845	0.33155	1.093601
6126	-73.74053	-117.5704	43.82987	0.9124211	0.694994	0.305006	0.9300108
6132	-72.74656	-116.784	44.03747	0.4677811	0.418158	0.581842	1.158273
6138	-68.42	-112.8228	44.40283	0.3759708	0.291992	0.708008	0.8894716
6144	-73.71162	-118.2453	44.53364	0.2451602	0.474406	0.525594	0.8894716
6150	-79.36485	-123.6808	44.31595	0.1288843	0.680784	0.319216	1.210559
6156	-85.89065	-129.8119	43.92126	0.09787065	0.438038	0.561962	1.545565
6162	-78.00351	-121.768	43.76445	1.161705	0.555038	0.444962	0.6857022
6168	-76.97531	-120.979	44.00369	0.5984256	0.435963	0.564037	1.070389
6174	-78.60721	-122.0856	43.47838	1.453893	0.195171	0.804829	0.6741319
6180	-82.5088	-126.3629	43.85407	1.102785	0.308005	0.691995	0.3966279
6186	-73.46073	-118.146	44.68526	0.07180828	0.40913	0.59087	0.9138655
6192	-73.84532	-117.9907	44.14543	0.8214314	0.315336	0.684664	0.4186717
6198	-70.20695	-113.1469	42.93997	1.693857	0.414286	0.585714	0.1899049
6204	-71.17497	-114.2112	43.0362	1.678859	0.231839	0.768161	0.2177875
6210	-77.56222	-120.7184	43.15617	0.8421398	0.469009	0.530991	1.560919
6216	-73.70187	-117.248	43.54617	0.3850995	0.365674	0.634326	1.609881
6222	-80.55854	-123.7239	43.16533	1.802165	0.665561	0.334439	0.5891545
6228	-76.0171	-119.7486	43.73147	1.227714	0.562666	0.437334	0.4012251
6234	-71.95843	-116.2509	44.29251	0.5862007	0.390369	0.609631	0.7625099
6240	-78.67674	-121.9075	43.23074	1.615203	0.45373	0.54627	0.2825945
6246	-77.01034	-120.2331	43.22274	1.615203	0.170209	0.829791	0.2775057
6252	-85.79846	-128.9237	43.12527	1.615203	0.173415	0.826585	0.2280065
6258	-83.11113	-126.6086	43.49749	1.241237	0.582139	0.417861	0.2272737
6264	-79.73478	-123.4182	43.68341	1.282534	0.619813	0.380187	0.4163646
6270	-80.24992	-124.0335	43.78356	1.198139	0.459748	0.540252	0.4965102
6276	-78.97156	-122.4869	43.5153	0.669407	0.188873	0.811127	1.420632
6282	-73.36053	-117.6915	44.33092	0.01497982	0.333568	0.666432	1.292944
6288	-79.99656	-123.9958	43.99923	0.2441937	0.212478	0.787522	1.374925
6294	-79.067	-122.906	43.83901	0.6416995	0.212478	0.787522	1.17972
6300	-81.04348	-124.1153	43.07183	0.9115026	0.296164	0.703836	1.571916
6306	-76.72623	-120.5058	43.7796	0.612845	0.239586	0.760414	1.254637
6312	-79.27054	-123.0794	43.80888	0.7048008	0.411239	0.588761	1.150837
6318	-80.37431	-124.0808	43.70645	0.8072319	0.412627	0.587373	1.150837
6324	-81.55724	-125.2699	43.7127	0.4340044	0.491412	0.508588	1.449794
6330	-75.33267	-119.531	44.19835	0.6824724	0.491412	0.508588	0.7594352
6336	-75.58852	-119.7889	44.20039	0.04969439	0.502287	0.497713	1.369686
6342	-69.39487	-113.6558	44.26097	0.678357	0.492517	0.507483	0.6600519
6348	-70.90494	-114.9385	44.03352	0.2213876	0.436512	0.563488	1.365885
6354	-69.82718	-113.6741	43.84688	0.2630135	0.639376	0.360624	1.477751
6360	-71.75024	-116.3978	44.64757	0.1620531	0.403261	0.596739	0.8533075
6366	-71.52377	-115.1927	43.66893	0.6277045	0.403261	0.596739	1.332731
6372	-79.99669	-123.3933	43.39658	1.500227	0.34783	0.65217	0.3212269
6378	-79.46789	-123.0848	43.61688	1.309382	0.498425	0.501575	0.3514226
6384	-77.38979	-120.6922	43.30239	0.625442	0.189173	0.810827	1.612375
6390	-70.35376	-113.75	43.3962	0.3123857	0.479307	0.520693	1.768091
6396	-73.78125	-117.8502	44.06897	0.1954137	0.622621	0.377379	1.358395
6402	-74.22626	-118.0998	43.87353	1.095225	0.488274	0.511726	0.4237316
6408	-75.76717	-119.5269	43.75968	1.216279	0.244709	0.755291	0.555624
6414	-72.49452	-116.1276	43.63308	1.184868	0.214495	0.785505	0.2656238
6420	-70.42943	-113.6632	43.23372	0.8861243	0.381053	0.618947	1.470217
6426	-71.44492	-115.7324	44.28746	0.5335788	0.626788	0.373212	0.8393546
6432	-74.85453	-118.7229	43.86841	0.07680466	0.349221	0.650779	1.599748
6438	-81.98041	-126.1532	44.17279	0.7008177	0.462253	0.537747	0.7698546
6444	-70.93489	-115.191	44.25613	0.5255557	0.410461	0.589539	0.8861665
6450	-67.30961	-111.6709	44.36133	0.582335	0.466848	0.533152	0.6509032
6456	-69.39592	-113.6588	44.26287	0.146753	0.446005	0.553995	1.240301
6462	-70.57969	-114.6713	44.09163	0.6058115	0.433376	0.566624	0.9771597
6468	-70.61325	-115.1064	44.49313	0.3957812	0.269071	0.730929	0.7474081
6474	-74.43488	-118.4789	44.04398	0.9353577	0.433237	0.566763	0.4662427
6480	-70.33783	-114.4798	44.14198	0.3334181	0.580061	0.419939	1.184319
6486	-70.61524	-114.7362	44.12095	0.05108527	0.498104	0.501896	1.430388
6492	-67.99371	-111.83	43.83628	1.110098	0.267248	0.732752	0.378574
6498	-72.41242	-116.2563	43.84389	1.110098	0.469909	0.530091	0.3913002
6504	-74.65339	-119.0656	44.41224	0.3082331	0.46116	0.53884	0.9532655
6510	-77.33031	-120.7636	43.43331	0.9238644	0.271997	0.728003	1.283737
6516	-72.81587	-116.9909	44.17499	0.5306447	0.444222	0.555778	0.9687334
6522	-78.93296	-123.3551	44.42213	0.1728241	0.194873	0.805127	1.077088
6528	-74.14323	-117.9195	43.77623	0.6177279	0.194873	0.805127	1.253375
6534	-73.14553	-117.9037	44.75818	0.1239869	0.483171	0.516829	0.7574539
6540	-72.11576	-115.832	43.71627	0.02213632	0.163841	0.836159	1.747257
6546	-72.48292	-115.3629	42.87998	0.02407924	0.595434	0.404566	2.302376
6552	-72.94766	-116.922	43.97432	0.4196816	0.305318	0.694682	1.253338
6558	-70.88076	-114.6982	43.81744	0.5765653	0.315837	0.684163	1.253338
6564	-74.73973	-118.5013	43.76159	0.6185688	0.113623	0.886377	1.264818
6570	-76.0262	-120.1386	44.11241	0.5664289	0.390753	0.609247	0.9960204
6576	-78.10982	-120.8667	42.75686	0.6144897	0.613214	0.386786	1.997778
6582	-69.47077	-113.7058	44.23502	0.6297563	0.568183	0.431817	0.7822712
6588	-67.76323	-112.2967	44.53351	0.2604939	0.282915	0.717085	0.8718791
6594	-81.70609	-124.7928	43.08669	0.6486945	0.349035	0.650965	1.749373
6600	-81.45378	-124.8621	43.40835	1.569416	0.364708	0.635292	0.5458281
6606	-77.33953	-120.8645	43.52494	0.9272461	0.386578	0.613422	1.204285
6612	-77.07685	-121.133	44.05619	0.6868812	0.219846	0.780154	0.9291618
6618	-80.47053	-124.8006	44.33004	0.5448587	0.393281	0.606719	0.768005
6624	-73.8135	-117.7566	43.94308	0.4523397	0.480886	0.519114	1.252156
6630	-70.21773	-113.7435	43.52578	0.5957247	0.378968	0.621032	1.468963
6636	-68.96768	-113.0839	44.11619	0.4556822	0.227429	0.772571	1.098446
6642	-72.86369	-116.799	43.93534	0.569469	0.719196	0.280804	1.158667
6648	-76.35864	-119.7854	43.42679	1.55259	0.517873	0.482127	0.4665229
6654	-72.86716	-117.052	44.18479	0.7908209	0.330026	0.669974	0.5573579
6660	-69.35173	-113.5183	44.16654	0.173737	0.330026	0.669974	1.297523
6666	-70.63737	-114.5847	43.94732	0.3929577	0.415438	0.584562	1.297523
6672	-67.17653	-111.5576	44.38104	0.01393858	0.315459	0.684541	1.252531
6678	-66.33911	-110.2892	43.95011	0.521772	0.643174	0.356826	1.187364
6684	-72.60469	-116.5516	43.94696	0.5249165	0.414741	0.585259	1.187364
6690	-71.30762	-114.9455	43.63783	0.3487726	0.463046	0.536954	1.569516
6696	-67.04714	-111.3204	44.27321	0.7075764	0.307032	0.692968	0.4787262
6702	-64.4785	-108.8168	44.33826	0.3286092	0.546694	0.453306	1.007971
6708	-71.29673	-115.1897	43.89299	0.08022464	0.236999	0.763001	1.579328
6714	-79.43502	-122.9544	43.51937	1.343162	0.213039	0.786961	0.2938829
6720	-76.58921	-121.2994	44.71017	0.01603756	0.502089	0.497911	0.9472168
6726	-79.70518	-124.1695	44.4643	0.2619057	0.550911	0.449089	0.9472168
6732	-76.3146	-120.1572	43.84262	0.4622958	0.554484	0.445516	1.3261
6738	-78.06174	-122.0189	43.9572	0.6033187	0.588118	0.411882	1.10883
6744	-76.45276	-119.2278	42.77504	1.794603	0.412116	0.587884	0.1717468
6750	-79.65022	-121.7554	42.1052	0.1894706	0.331147	0.668853	2.683698
6756	-71.50659	-115.5387	44.03213	0.04404037	0.326217	0.673783	1.503121
6762	-72.88245	-116.5178	43.63533	1.346204	0.206904	0.793096	0.5098184
6768	-68.98072	-112.9903	44.0096	0.9708279	0.465757	0.534243	0.525926
6774	-70.19377	-114.5985	44.40478	0.2656916	0.475668	0.524332	1.00439
6780	-67.66023	-112.417	44.75677	0.2180536	0.648841	0.351159	0.5610748
6786	-65.73442	-109.7978	44.06337	0.09846314	0.593822	0.406178	1.438224
6792	-63.36512	-107.9165	44.55139	0.2409164	0.243185	0.756815	0.8738688
6798	-68.73909	-112.7529	44.01384	0.929677	0.250261	0.749739	0.6512409
6804	-67.43434	-111.2195	43.78517	1.18418	0.381843	0.618157	0.4254078
6810	-70.25587	-113.9708	43.71495	1.109212	0.50592	0.49408	0.2691948
6816	-68.14586	-112.0057	43.8598	1.103262	0.437558	0.562442	0.4095242
6822	-66.30574	-110.4231	44.11735	0.8485167	0.406098	0.593902	0.594407
6828	-69.95337	-114.6381	44.68473	0.2642243	0.304069	0.695931	0.6391588
6834	-75.18183	-119.5335	44.35169	0.5136044	0.827207	0.172793	0.7815481
6840	-68.11139	-112.5832	44.47182	0.06275174	0.34564	0.65436	1.132256
6846	-73.39398	-117.7098	44.31586	0.05609614	0.420946	0.579054	1.271591
6852	-69.98848	-114.601	44.61252	0.04497058	0.427545	0.572455	1.017233
6858	-75.69979	-119.7659	44.0661	0.4625082	0.617946	0.382054	1.137586
6864	-79.72292	-123.3262	43.60332	0.541895	0.294005	0.705995	1.450926
6870	-86.20705	-129.8104	43.60332	0.541895	0.605273	0.394727	1.450926
6876	-86.86738	-130.4612	43.59378	0.8628666	0.173278	0.826722	1.200471
6882	-76.57826	-120.8941	44.3158	0.5687127	0.558619	0.441381	0.7539913
6888	-78.5269	-122.7489	44.22198	0.169413	0.38784	0.61216	1.255507
6894	-71.37932	-115.1745	43.79514	0.7240185	0.368061	0.631939	1.145988
6900	-74.186	-118.4166	44.23059	0.7195782	0.340421	0.659579	0.6363321
6906	-76.50538	-120.4482	43.94282	0.8665431	0.442699	0.557301	0.853612
6912	-72.02999	-115.5174	43.48738	0.7343655	0.442699	0.557301	1.391896
6918	-77.40038	-121.7184	44.31798	0.3182747	0.137829	0.862171	1.037918
6924	-75.39043	-119.233	43.84258	0.1607938	0.403895	0.596105	1.55719
6930	-69.61486	-113.8797	44.26481	0.6201993	0.234523	0.765477	0.7532583
6936	-74.676	-118.9032	44.22715	0.1775527	0.45871	0.54129	1.244414
6942	-73.62919	-117.2208	43.59164	0.4423389	0.312642	0.687358	1.534574
6948	-66.02668	-110.4447	44.418	0.1166553	0.446887	0.553113	1.132177
6954	-71.45812	-116.1033	44.64519	0.01729893	0.0957814	0.904219	1.012307
6960	-73.83104	-117.6074	43.77636	0.222554	0.262577	0.737423	1.56047
6966	-69.45141	-113.6052	44.15378	0.5261867	0.274529	0.725471	0.9948938
6972	-71.85172	-115.757	43.90528	1.015537	0.586514	0.413486	0.695374
6978	-71.28841	-115.1633	43.87491	1.084897	0.467137	0.532863	0.6121043
6984	-72.46035	-116.5503	44.08993	0.6824774	0.665137	0.334863	0.8967303
6990	-72.98201	-117.113	44.13101	0.5680628	0.376454	0.623546	0.975488
6996	-78.84402	-123.2799	44.43584	0.4961098	0.211646	0.788354	0.6747713
7002	-74.57876	-119.0841	44.50536	0.4756986	0.558815	0.441185	0.4819804
7008	-75.69421	-119.0781	43.38389	0.05805868	0.36336	0.63664	1.950508
7014	-73.73523	-117.6941	43.95882	0.2313215	0.418935	0.581065	1.416434
7020	-73.91426	-117.3269	43.41265	0.7774944	0.464595	0.535405	1.416434
7026	-72.05363	-115.946	43.89239	0.6703103	0.647977	0.352023	1.106843
7032	-74.24262	-118.2615	44.01887	0.5206288	0.590939	0.409061	1.127837
7038	-69.96845	-114.2572	44.28876	0.2038847	0.562337	0.437663	1.169323
7044	-66.06946	-110.1537	44.08423	0.08622999	0.491374	0.508626	1.431599
7050	-65.69811	-110.3127	44.61458	0.192806	0.512161	0.487839	0.8560037
7056	-74.54256	-118.1428	43.60027	1.20711	0.351032	0.648968	0.8560037
7062	-72.34512	-116.8857	44.54058	0.3284125	0.342579	0.657421	0.7763862
7068	-73.41713	-116.904	43.48685	0.3596858	0.287995	0.712005	1.670828
7074	-71.32908	-115.5814	44.25233	0.04309907	0.31018	0.68982	1.333694
7080	-74.24515	-118.3711	44.12595	0.8556974	0.378159	0.621841	0.4939302
7086	-74.60702	-118.545	43.93795	1.026836	0.417441	0.582559	0.5977403
7092	-68.50821	-112.5873	44.0791	0.9016811	0.207416	0.792584	0.5219888
7098	-68.56603	-112.6459	44.07983	0.9016811	0.228265	0.771735	0.489689
7104	-68.84225	-112.6237	43.78143	1.01821	0.281047	0.718953	0.8652383
7110	-67.13747	-111.4253	44.28782	0.6931907	0.371576	0.628424	0.4814233
7116	-68.6132	-112.4418	43.82863	1.053712	0.573643	0.426357	0.3089045
7122	-71.48242	-115.3087	43.82624	1.029433	0.436323	0.563677	0.2890884
7128	-75.26868	-118.7178	43.44915	1.40652	0.368487	0.631513	0.2890884
7134	-74.4399	-117.9228	43.48291	1.40652	0.508535	0.491465	0.3147812
7140	-76.49231	-120.2385	43.74624	1.197062	0.508535	0.491465	0.3738928
7146	-70.10671	-114.5073	44.40062	0.4304614	0.173077	0.826923	0.826799
7152	-69.11832	-113.4518	44.33348	0.4744559	0.629308	0.370692	0.8553314
7158	-71.08042	-115.7197	44.63926	0.1817454	0.312682	0.687318	0.8394012
7164	-70.95309	-115.1476	44.19451	0.7502927	0.121899	0.878101	0.6484528
7170	-72.73611	-117.3174	44.58133	0.3175515	0.420352	0.579648	0.7320163
7176	-73.28176	-117.6201	44.33835	0.1565899	0.642066	0.357934	1.167321
7182	-70.95959	-114.9109	43.95133	0.8569758	0.350063	0.649937	0.854896
7188	-70.31589	-114.0253	43.70942	0.2736491	0.418387	0.581613	1.57211
7194	-69.69227	-113.4839	43.79161	1.187839	0.298667	0.701333	0.4670169
7200	-66.48452	-110.5291	44.04462	0.4238172	0.446856	0.553144	1.190331
7206	-71.00459	-115.133	44.12838	0.08046383	0.0648081	0.935192	1.401942
7212	-69.10714	-112.7846	43.6775	0.3456282	0.335864	0.664136	1.542605
7218	-68.6697	-112.5271	43.85742	0.7661951	0.339208	0.660792	1.050042
7224	-70.07737	-114.0469	43.96956	0.9912259	0.162878	0.837122	0.609416
7230	-72.1231	-115.1907	43.06761	1.879185	0.44998	0.55002	0.3792199
7236	-73.40873	-115.9296	42.52087	1.879185	0.501593	0.498407	0.1345688
7242	-68.9649	-111.7319	42.76701	1.879185	0.352091	0.647909	0.1937533
7248	-71.18431	-114.1836	42.99927	1.565746	0.297357	0.702643	0.1705422
7254	-74.85422	-118.2453	43.39107	1.546855	0.531702	0.468298	0.366248
7260	-77.00021	-121.4249	44.42472	0.5224962	0.426307	0.573693	0.6430858
7266	-80.88745	-124.7925	43.90503	0.9397856	0.351248	0.648752	0.8091266
7272	-76.34803	-120.2919	43.94391	0.9658201	0.449381	0.550619	0.7144418
7278	-76.88028	-121.1221	44.24182	0.6679152	0.389692	0.610308	0.7144418
7284	-77.59369	-121.6405	44.04685	0.7961588	0.156197	0.843803	0.81149
7290	-79.20801	-123.1265	43.91848	0.9820954	0.226535	0.773465	0.7293397
7296	-77.81535	-121.1397	43.32437	0.5036094	0.344247	0.655753	1.684044
7302	-73.36898	-117.0227	43.65373	0.08659528	0.486342	0.513658	1.745909
7308	-68.72994	-112.4356	43.70569	0.03463337	0.390244	0.609756	1.745909
7314	-70.70572	-114.4873	43.78154	0.03990437	0.542353	0.457647	1.68869
7320	-77.29837	-120.5244	43.22599	0.2193028	0.672223	0.327777	1.948256
7326	-74.86449	-118.8622	43.99766	0.9562222	0.229402	0.770598	0.6274303
7332	-63.24048	-107.8024	44.56196	0.2752931	0.460953	0.539047	0.8189275
7338	-63.77639	-107.6697	43.89328	1.062612	0.149885	0.850115	0.6224146
7344	-63.26613	-107.5575	44.29134	0.4972068	0.24662	0.75338	0.8782542
7350	-65.39083	-109.7008	44.31	0.5158953	0.42304	0.57696	0.8333165
7356	-63.36993	-107.6443	44.27433	0.2967863	0.476743	0.523257	1.099141
7362	-65.04631	-109.6705	44.62419	0.3054691	0.27212	0.72788	0.6791508
7368	-68.85333	-112.4999	43.64653	1.03225	0.27212	0.72788	0.9960846
7374	-66.33508	-110.65	44.31489	0.1556224	0.437811	0.562189	1.188542
7380	-70.51146	-114.2258	43.71437	0.492988	0.265789	0.734211	1.403099
7386	-68.87133	-112.7348	43.86342	1.072441	0.41527	0.58473	0.6670913
7392	-70.77054	-114.634	43.86342	1.072441	0.212896	0.787104	0.6670913
7398	-72.42324	-116.2974	43.87411	1.072441	0.191498	0.808502	0.6445879
7404	-72.02191	-116.0398	44.01784	0.1362135	0.17367	0.82633	1.444175
7410	-73.07955	-117.5461	44.46659	0.1115128	0.3826	0.6174	1.09272
7416	-65.98291	-109.8503	43.86737	0.1749957	0.415698	0.584302	1.528346
7422	-71.04848	-114.7683	43.71981	0.8427448	0.136037	0.863963	1.106967
7428	-66.28541	-110.2614	43.97598	0.8152805	0.393768	0.606232	0.8750924
7434	-66.22411	-109.9088	43.68473	1.126873	0.39065	0.60935	0.8509087
7440	-73.2582	-117.0172	43.75901	1.175685	0.539502	0.460498	0.3619215
7446	-76.70365	-121.1911	44.48745	0.1343412	0.785925	0.214075	1.051783
7452	-79.45815	-122.907	43.44887	0.743238	0.342894	0.657106	1.414917
7458	-84.75473	-127.5777	42.82299	0.4581025	0.673435	0.326565	2.057679
7464	-74.94292	-119.3253	44.38233	0.4519825	0.524408	0.475592	0.8226917
7470	-72.9194	-117.3886	44.4692	0.139054	0.479204	0.520796	1.064618
7476	-65.43727	-109.5919	44.15463	0.5257157	0.479204	0.520796	0.9945055
7482	-66.81295	-110.8806	44.06765	0.8455518	0.336304	0.663696	0.7086078
7488	-67.61681	-111.4477	43.83093	1.150769	0.559829	0.440171	0.5036358
7494	-70.1968	-114.0008	43.80397	0.8751543	0.556033	0.443967	0.9957366
7500	-65.92339	-109.8242	43.9008	0.7430417	0.118813	0.881187	1.030573
7506	-65.61089	-109.6299	44.01903	0.3668295	0.426757	0.573243	1.260099
7512	-68.1187	-112.3352	44.21653	0.298905	0.386872	0.613128	1.149285
7518	-65.19817	-109.4305	44.23229	0.1012949	0.227396	0.772604	1.302967
7524	-72.04912	-116.326	44.27689	0.5898043	0.538286	0.461714	0.7796009
7530	-69.42086	-113.3932	43.97234	0.2647652	0.270617	0.729383	1.379884
7536	-67.96763	-112.0166	44.04898	0.26335	0.267188	0.732812	1.320142
7542	-67.17227	-111.0003	43.82808	1.09128	0.277308	0.722692	0.6979478
7548	-77.02268	-120.6306	43.60793	1.373255	0.621708	0.378292	0.5165615
7554	-71.16254	-115.1195	43.95697	0.9635357	0.220189	0.779811	0.6959282
7560	-71.57016	-115.3389	43.76877	1.212503	0.194338	0.805662	0.5150668
7566	-72.92661	-116.6706	43.74396	1.212503	0.277086	0.722914	0.3958742
7572	-70.48346	-115.181	44.69753	0.1749052	0.301093	0.698907	0.7715172
7578	-70.04057	-113.9868	43.94628	0.6471983	0.553297	0.446703	1.078469
7584	-68.4233	-112.8066	44.38327	0.4516463	0.262862	0.737138	0.8219213
7590	-70.23845	-114.5038	44.26532	0.5695921	0.694017	0.305983	0.8219213
7596	-67.6705	-112.251	44.58051	0.3313026	0.283247	0.716753	0.7109596
7602	-65.7381	-110.2529	44.51479	0.25312	0.195252	0.804748	0.901797
7608	-66.92171	-111.7912	44.86949	0.07396972	0.294564	0.705436	0.6513563
7614	-68.57552	-112.6634	44.0879	0.6528222	0.383049	0.616951	0.9316982
7620	-72.02303	-115.9563	43.93329	0.6111484	0.383049	0.616951	1.123395
7626	-70.68634	-114.1839	43.49755	0.6462267	0.31306	0.68694	1.45203
7632	-71.39754	-115.9951	44.59755	0.08711105	0.257374	0.742626	0.9901574
7638	-74.86696	-118.5098	43.64288	0.9354113	0.268815	0.731185	1.092541
7644	-85.74355	-129.1019	43.35834	0.4647878	0.653774	0.346226	1.687493
7650	-77.099	-121.5718	44.47284	0.5065956	0.196281	0.803719	0.4669161
7656	-71.30768	-115.0188	43.71111	0.2926327	0.305081	0.694919	1.556917
7662	-72.22263	-116.8745	44.65186	0.2867319	0.452737	0.547263	0.6615572
7668	-72.28893	-116.7514	44.46247	0.05988019	0.310828	0.689172	1.143154
7674	-76.33332	-120.3555	44.02213	0.003316283	0.349755	0.650245	1.540892
7680	-73.27388	-117.6573	44.38345	0.3072176	0.330139	0.669861	0.9840767
7686	-74.12833	-118.041	43.91269	0.06437681	0.655839	0.344161	1.576508
7692	-69.67301	-114.5111	44.83813	8.66652e-05	0.551565	0.448435	0.8176934
7698	-72.74812	-116.5553	43.80714	0.001803832	0.472643	0.527357	1.697556
7704	-72.0877	-115.919	43.83127	0.204465	0.550226	0.449774	1.533266
7710	-69.18277	-113.1901	44.00734	0.3045096	0.704922	0.295078	1.320528
7716	-71.21832	-115.7007	44.48242	0.003142875	0.196813	0.803187	1.175497
7722	-76.50942	-120.2859	43.77649	0.007668938	0.196813	0.803187	1.715085
7728	-70.53524	-114.7745	44.23928	0.4949061	0.568055	0.431945	0.9387264
7734	-66.61748	-111.1037	44.48621	0.4949061	0.22969	0.77031	0.517584
7740	-65.27997	-109.7552	44.47527	0.199487	0.288567	0.711433	1.000109
7746	-73.73791	-117.3436	43.60569	1.069072	0.415335	0.584665	1.000109
7752	-71.54662	-115.1873	43.64063	0.5833524	0.24105	0.75895	1.390148
7758	-78.72168	-121.533	42.81132	1.011107	0.0842494	0.915751	1.687994
7764	-67.55636	-112.0432	44.48688	0.3402818	0.374476	0.625524	0.8317341
7770	-70.81412	-115.1346	44.32047	0.4933635	0.451946	0.548054	0.8481986
7776	-70.88804	-114.5972	43.70918	0.5086569	0.157971	0.842029	1.39494
7782	-71.71562	-115.591	43.87536	0.7078672	0.408069	0.591931	1.087987
7788	-68.79935	-112.9133	44.114	0.1335733	0.391943	0.608057	1.371659
7794	-65.30758	-109.1364	43.82882	0.9803795	0.232129	0.767871	0.8538148
7800	-66.72213	-110.5894	43.86726	0.6050283	0.456047	0.543953	1.187012
7806	-65.61059	-110.0722	44.4616	0.1653009	0.441972	0.558028	1.046905
7812	-70.27632	-114.6515	44.37514	0.1742306	0.441972	0.558028	1.118943
7818	-66.49948	-110.8526	44.35314	0.5344852	0.256204	0.743796	0.7493486
7824	-70.44312	-114.2556	43.81249	0.9903902	0.439436	0.560564	0.8613964
7830	-82.54652	-126.4374	43.89092	1.042097	0.476392	0.523608	0.6726931
7836	-81.94008	-126.4132	44.47308	0.4390475	0.466886	0.533114	0.7104196
7842	-77.89947	-122.1304	44.23095	0.5140641	0.329406	0.670594	0.9270625
7848	-73.34931	-117.2779	43.92857	0.2306994	0.291802	0.708198	1.440189
7854	-74.23129	-118.0462	43.81491	0.6064622	0.291802	0.708198	1.230432
7860	-73.266	-117.3744	44.1084	0.6064622	0.615484	0.384516	0.9591468
7866	-73.42561	-117.1178	43.69214	0.09482147	0.12231	0.87769	1.713106
7872	-69.60343	-113.6666	44.06318	0.7335312	0.319433	0.680567	0.8687042
7878	-72.97229	-117.0507	44.07837	0.8600657	0.341521	0.658479	0.6618776
7884	-70.12443	-113.5842	43.45976	0.104868	0.46845	0.53155	1.867394
7890	-69.99886	-114.3638	44.36489	0.1428833	0.303055	0.696945	1.156053
7896	-71.88743	-115.8254	43.93797	0.6222666	0.293636	0.706364	1.109082
7902	-78.31812	-122.5727	44.25461	0.03461077	0.48076	0.51924	1.338656
7908	-66.81126	-111.0854	44.27415	0.01507244	0.488614	0.511386	1.338656
7914	-64.86844	-109.2367	44.36827	0.120191	0.321686	0.678314	1.172976
7920	-64.84748	-109.387	44.53954	0.07338697	0.411694	0.588306	1.060204
7926	-70.43706	-114.3443	43.90722	0.569679	0.664661	0.335339	1.183021
7932	-74.4565	-118.8315	44.37503	0.07546473	0.287918	0.712082	1.20573
7938	-74.37236	-117.9812	43.60881	0.8604971	0.220945	0.779055	1.189583
7944	-73.1913	-116.9322	43.74088	1.177651	0.36927	0.63073	0.6994093
7950	-69.72879	-113.831	44.10217	0.04906052	0.353854	0.646146	1.446335
7956	-69.41153	-113.1481	43.73656	0.8415476	0.353854	0.646146	1.092717
7962	-76.05229	-119.4414	43.38908	1.565799	0.672081	0.327919	0.6249787
7968	-77.13332	-120.2171	43.08376	1.644464	0.379804	0.620196	0.2229744
7974	-74.34295	-117.6382	43.29527	1.465043	0.426985	0.573015	0.2366136
7980	-73.5397	-117.0218	43.48209	1.465043	0.59408	0.40592	0.3797551
7986	-70.11012	-114.3467	44.23661	0.7290986	0.652825	0.347175	0.5948977
7992	-70.62947	-114.2141	43.58462	0.5753054	0.237562	0.762438	1.439684
7998	-67.83258	-112.2652	44.43265	0.06793003	0.379091	0.620909	1.162383
8004	-68.26728	-112.48	44.21275	0.2878282	0.331175	0.668825	1.162383
8010	-67.54054	-111.8014	44.26084	0.3902591	0.471623	0.528377	1.023495
8016	-73.56695	-117.8651	44.29811	0.2267935	0.518768	0.481232	1.14089
8022	-75.7516	-119.359	43.60735	1.262622	0.38342	0.61658	0.775003
8028	-73.85277	-116.8464	42.99365	0.1574401	0.242516	0.757484	2.142991
8034	-70.70415	-113.717	43.0129	0.3447549	0.417732	0.582268	2.006907
8040	-74.67018	-118.2953	43.62512	0.501134	0.352888	0.647112	1.465356
8046	-80.25763	-124.3151	44.05745	0.1900883	0.437452	0.562548	1.371683
8052	-77.15111	-121.4105	44.25935	0.1900883	0.128855	0.871145	1.206636
8058	-71.26057	-115.0074	43.74683	0.3716175	0.537653	0.462347	1.471275
8064	-72.38389	-115.4163	43.03241	0.5896751	0.378139	0.621861	1.828007
8070	-75.0606	-118.8058	43.74522	0.129684	0.471232	0.528768	1.650533
8076	-83.4249	-127.0358	43.61088	0.9485036	0.740022	0.259978	1.10986
8082	-72.20952	-116.6939	44.48439	0.3474816	0.433873	0.566127	0.8257916
8088	-75.22354	-120.1187	44.89517	0.06513575	0.733858	0.266142	0.403534
8094	-75.80115	-120.6862	44.88505	0.09508508	0.205117	0.794883	0.4723423
8100	-75.00603	-118.9836	43.97759	0.6529993	0.318815	0.681185	1.043366
8106	-81.65474	-126.3029	44.64816	0.2848761	0.83952	0.16048	0.6726561
8112	-70.84387	-115.1402	44.29635	0.4326964	0.488443	0.511557	0.9442044
8118	-69.0861	-113.5552	44.46912	0.1620861	0.383111	0.616889	1.042773
8124	-76.61003	-120.7274	44.11735	0.426737	0.257529	0.742471	1.12371
8130	-70.03051	-113.5198	43.48925	0.3797101	0.198989	0.801011	1.654796
8136	-72.79873	-116.9777	44.17897	0.6044734	0.196274	0.803726	0.8841527
8142	-73.89651	-117.9955	44.09897	0.7859075	0.227475	0.772525	0.753456
8148	-75.00819	-119.5233	44.51515	0.4556741	0.686841	0.313159	0.5775008
8154	-72.8652	-116.507	43.64178	0.3463994	0.33418	0.66582	1.568357
8160	-71.52533	-115.3499	43.82454	0.6985134	0.440048	0.559952	1.142531
8166	-71.39464	-115.5265	44.13185	0.8455375	0.422791	0.577209	0.4548812
8172	-69.01767	-113.2366	44.21892	0.6760978	0.424362	0.575638	0.7380574
8178	-78.01675	-122.015	43.99829	0.6627636	0.578852	0.421148	1.013728
8184	-75.08649	-119.5901	44.50357	0.4768149	0.462603	0.537397	0.4746053
8190	-70.80289	-115.2943	44.49141	0.2897689	0.127706	0.872294	0.8867449
8196	-67.80836	-111.7257	43.91733	0.8981928	0.347043	0.652957	0.8461381
8202	-69.1707	-113.8185	44.64781	0.2046208	0.589621	0.410379	0.7990554
8208	-64.41188	-108.3811	43.96922	0.5370867	0.237238	0.762762	1.157348
8214	-76.32812	-120.2263	43.89813	1.047078	0.554515	0.445485	0.6475482
8220	-69.76546	-113.2724	43.50689	0.466244	0.549941	0.450059	1.579386
8226	-69.74596	-114.4306	44.68468	0.008730138	0.483864	0.516136	0.9812782
8232	-70.12661	-114.6069	44.4803	0.003386149	0.540493	0.459507	1.177133
8238	-70.63666	-114.7688	44.13213	0.4700418	0.318671	0.681329	1.070331
8244	-76.4485	-120.6735	44.225	0.7274144	0.23283	0.76717	0.6310089
8250	-71.29658	-115.4771	44.18047	0.5829389	0.470376	0.529624	0.9068274
8256	-74.27618	-118.7102	44.43399	0.3273552	0.223779	0.776221	0.9091246
8262	-73.12214	-117.445	44.3229	0.3617076	0.289321	0.710679	0.9902149
8268	-69.59864	-113.7823	44.18364	0.7958346	0.489526	0.510474	0.4672074
8274	-68.84009	-113.3021	44.462	0.3139033	0.329906	0.670094	0.8927724
8280	-69.36254	-113.7813	44.41875	0.433523	0.454386	0.545614	0.7992687
8286	-71.38203	-115.5871	44.20502	0.01079414	0.397826	0.602174	1.396517
8292	-74.59383	-118.9773	44.38349	0.3826134	0.237196	0.762804	0.9038244
8298	-72.39692	-116.5377	44.14082	0.02985556	0.315944	0.684056	1.431435
8304	-78.4011	-122.1723	43.77121	0.1295668	0.354322	0.645678	1.631925
8310	-73.02154	-117.2341	44.21253	0.3383103	0.632342	0.367658	1.117609
8316	-68.71844	-112.65	43.93153	0.7550977	0.429196	0.570804	0.988168
8322	-69.54861	-113.8617	44.31308	0.5027471	0.513956	0.486044	0.8457654
8328	-66.25638	-110.7709	44.51455	0.3012781	0.541618	0.458382	0.8457654
8334	-71.62166	-116.2547	44.63303	0.1467236	0.352219	0.647781	0.8883767
8340	-77.62284	-119.864	42.24113	0.08484732	0.515967	0.484033	2.664444
8346	-67.76098	-111.6573	43.89629	0.1203204	0.474816	0.525184	1.54743
8352	-71.03378	-114.7537	43.71989	0.8478497	0.140415	0.859585	1.102234
8358	-74.34572	-117.4868	43.14105	0.5858869	0.217901	0.782099	1.755281
8364	-68.26303	-112.5827	44.3197	0.02378437	0.583433	0.416567	1.294917
8370	-69.02407	-112.7405	43.71647	0.5105489	0.20368	0.79632	1.387775
8376	-74.79243	-118.2339	43.44148	0.7855401	0.345747	0.654253	1.387775
8382	-79.42721	-123.8271	44.39992	0.5466263	0.410915	0.589085	0.6445978
8388	-66.77281	-110.5137	43.74093	1.236438	0.469067	0.530933	0.4547837
8394	-67.2021	-110.935	43.73294	1.244318	0.505692	0.494308	0.4542353
8400	-73.55152	-117.4015	43.85	0.8796955	0.304864	0.695136	0.9435151
8406	-71.69968	-116.0407	44.34098	0.4215676	0.46192	0.53808	0.9077869
8412	-72.01612	-116.1533	44.13719	0.4170099	0.549526	0.450474	1.114567
8418	-71.63541	-116.147	44.51161	0.3170476	0.367344	0.632656	0.8298585
8424	-69.47389	-113.8889	44.41505	0.522715	0.589337	0.410663	0.6632564
8430	-67.58799	-110.9463	43.3583	0.7529021	0.377474	0.622526	1.476755
8436	-66.04645	-109.8982	43.85172	0.7126633	0.434584	0.565416	1.105304
8442	-72.72175	-117.0547	44.33295	0.05676691	0.354644	0.645356	1.2569
8448	-83.29693	-125.411	42.11403	0.4191014	0.405009	0.594991	2.536202
8454	-73.06647	-117.0345	43.96806	0.9885031	0.45899	0.54101	0.6206979
8460	-73.25581	-117.0067	43.7509	0.8909193	0.335704	0.664296	1.032537
8466	-72.00728	-115.7768	43.76954	0.3801799	0.338141	0.661859	1.447491
8472	-75.90919	-119.4267	43.51755	0.2412571	0.23779	0.76221	1.732941
8478	-70.57431	-114.3539	43.77958	0.5109454	0.364936	0.635064	1.337618
8484	-78.2068	-121.5615	43.35474	0.6199211	0.471488	0.528512	1.57827
8490	-73.37137	-116.764	43.39267	0.6666002	0.390316	0.609684	1.515756
8496	-68.25981	-112.2509	43.99108	0.4498056	0.432602	0.567398	1.213922
8502	-68.84829	-112.9168	44.0685	0.6459116	0.524041	0.475959	0.9596223
8508	-68.22299	-112.3937	44.17073	0.3384264	0.369192	0.630808	1.154838
8514	-68.69696	-112.5115	43.8145	0.787121	0.170387	0.829613	1.070848
8520	-65.96612	-109.3355	43.36942	0.03616381	0.346278	0.653722	1.9749
8526	-69.25458	-114.0524	44.7978	0.07192426	0.225595	0.774405	0.7753603
8532	-70.95678	-114.5776	43.62081	0.01376982	0.3091	0.6909	1.819396
8538	-70.58028	-115.2593	44.67903	0.1682771	0.464418	0.535582	0.8058582
8544	-68.31966	-112.4512	44.13159	0.8309038	0.126122	0.873878	0.6045745
8550	-68.60748	-112.6324	44.02492	0.9186643	0.310952	0.689048	0.651096
8556	-75.3281	-119.6004	44.27227	0.5678783	0.627841	0.372159	0.8151959
8562	-74.64403	-118.5077	43.86362	0.155074	0.319465	0.680535	1.545887
8568	-71.71612	-115.3417	43.62557	0.4678477	0.4449	0.5551	1.490169
8574	-74.91787	-118.8135	43.8956	0.5406297	0.4449	0.5551	1.217871
8580	-71.32384	-115.5415	44.21771	0.2185239	0.160791	0.839209	1.217871
8586	-71.80482	-115.2445	43.43973	0.4036637	0.426506	0.573494	1.673066
8592	-67.15264	-111.7511	44.59842	0.0480217	0.498659	0.501341	1.028038
8598	-66.42362	-110.9961	44.57245	0.3822997	0.186176	0.813824	0.6252808
8604	-65.70485	-110.0661	44.36129	0.114046	0.391767	0.608233	1.184378
8610	-71.22148	-115.4126	44.19114	0.625649	0.603289	0.396711	0.8445826
8616	-69.55887	-113.9726	44.41376	0.2448079	0.151011	0.848989	1.016174
8622	-78.22513	-121.9815	43.75635	0.7553243	0.416991	0.583009	1.152613
8628	-73.16653	-117.5697	44.4032	0.410833	0.39694	0.60306	0.8479498
8634	-72.80097	-116.6933	43.89228	1.085259	0.396616	0.603384	0.5471376
8640	-75.35147	-119.4774	44.12591	0.1974222	0.57311	0.42689	1.311267
8646	-72.10328	-116.1776	44.07432	0.7802331	0.171584	0.828416	0.7962131
8652	-72.43856	-116.9735	44.53491	0.4087136	0.281432	0.718568	0.6509922
8658	-70.08285	-114.7797	44.69687	0.04943586	0.415097	0.584903	0.9256578
8664	-71.45056	-115.4809	44.03035	0.6170048	0.429961	0.570039	1.02715
8670	-72.7295	-116.9404	44.21094	0.7706282	0.347929	0.652071	0.5088321
8676	-64.98739	-109.1468	44.15944	0.1217358	0.354015	0.645985	1.345072
8682	-71.5723	-115.921	44.34875	0.3030179	0.246003	0.753997	1.022848
8688	-70.41486	-114.7267	44.31187	0.6511042	0.214059	0.785941	0.6031609
8694	-68.75649	-112.8121	44.05565	0.8997094	0.576948	0.423052	0.623768
8700	-74.65254	-119.0264	44.3739	0.2750084	0.394283	0.605717	1.025634
8706	-76.95856	-121.1428	44.1842	0.4647098	0.603647	0.396353	1.025634
8712	-72.19883	-116.8435	44.6447	0.02143675	0.485218	0.514782	1.008699
8718	-73.03541	-116.7853	43.74988	1.229858	0.284237	0.715763	0.5322028
8724	-75.29186	-119.8149	44.52303	0.1712577	0.427404	0.572596	0.9803849
8730	-72.74912	-116.6326	43.88344	1.032342	0.530588	0.469412	0.704199
8736	-65.19179	-109.237	44.04526	0.9357991	0.429319	0.570681	0.4819701
8742	-68.38673	-112.2863	43.89961	0.5568442	0.276609	0.723391	1.20063
8748	-72.73969	-116.9345	44.19485	0.7866864	0.306512	0.693488	0.4904135
8754	-71.22486	-115.8639	44.63902	0.007463045	0.303116	0.696884	1.028004
8760	-70.21949	-114.9258	44.70626	0.009488882	0.433521	0.566479	0.9582236
8766	-69.51877	-113.1618	43.64302	0.02477404	0.381136	0.618864	1.796444
8772	-67.41082	-111.1251	43.71433	0.1708111	0.497694	0.502306	1.643182
8778	-68.52331	-112.5423	44.01901	0.5778102	0.401263	0.598737	1.075348
8784	-66.02403	-110.3442	44.32015	0.06502658	0.377168	0.622832	1.260664
8790	-74.09568	-117.5788	43.48314	0.2138682	0.736144	0.263856	1.77616
8796	-72.27887	-116.1926	43.91376	0.1209572	0.579375	0.420625	1.534021
8802	-74.23151	-118.4946	44.26309	0.5694233	0.0862373	0.913763	0.8249745
8808	-70.97668	-115.1365	44.15984	0.6890237	0.329183	0.670817	0.8037954
8814	-69.70238	-114.072	44.36959	0.131182	0.320933	0.679067	1.162208
8820	-68.58495	-112.9048	44.31983	0.2819681	0.415681	0.584319	1.070687
8826	-67.32867	-111.2446	43.91592	0.6920791	0.415681	0.584319	1.064853
8832	-72.05821	-116.0825	44.02428	0.6920791	0.490891	0.509109	0.2182883
8838	-72.4899	-116.4689	43.97895	0.9393911	0.188622	0.811378	0.6997432
8844	-71.71736	-116.0729	44.35554	0.0651577	0.565678	0.434322	1.231
8850	-65.77948	-110.3525	44.57306	0.01960192	0.39778	0.60222	1.07923
8856	-75.50809	-119.7156	44.20753	0.2547692	0.432954	0.567046	1.195616
8862	-72.09912	-116.3157	44.21661	0.3757844	0.650969	0.349031	1.079471
8868	-68.51898	-112.7802	44.26122	0.3484756	0.272694	0.727306	1.063258
8874	-66.62731	-110.494	43.86673	0.8790836	0.381091	0.618909	0.9261903
8880	-72.20312	-116.137	43.93389	0.6419294	0.494544	0.505456	1.094825
8886	-71.72171	-115.382	43.66032	0.5934048	0.513907	0.486093	1.36681
8892	-75.40773	-120.0135	44.60576	0.3166469	0.45684	0.54316	0.6925267
8898	-75.44134	-119.369	43.92765	0.1257858	0.390957	0.609043	1.520104
8904	-79.63656	-122.4407	42.80411	0.4375757	0.39788	0.60212	2.083651
8910	-73.94898	-117.0579	43.10888	0.2148754	0.500919	0.499081	2.029435
8916	-77.75217	-121.1027	43.35049	1.607244	0.327158	0.672842	0.3983223
8922	-81.5636	-125.1352	43.57155	1.383638	0.456922	0.543078	0.3934795
8928	-79.32498	-122.9897	43.66471	1.285339	0.448308	0.551692	0.3844863
8934	-75.52929	-119.4491	43.91985	1.040187	0.374691	0.625309	0.611479
8940	-74.77875	-118.5109	43.73213	1.110669	0.687375	0.312625	0.8117661
8946	-82.38342	-126.8045	44.42108	0.1933027	0.643085	0.356915	1.058823
8952	-75.1729	-119.9661	44.79324	0.05938339	0.713643	0.286357	0.7988081
8958	-74.8517	-119.3219	44.47016	0.04859954	0.471747	0.528253	1.146341
8964	-76.2331	-120.7302	44.49715	0.02161006	0.482623	0.517377	1.146341
8970	-76.72437	-120.6554	43.93099	0.7784104	0.501345	0.498655	0.9648351
8976	-76.88934	-121.0728	44.18343	0.4159551	0.757958	0.242042	1.072944
8982	-79.07306	-123.6217	44.54862	0.3731554	0.347925	0.652075	0.6936688
8988	-73.269	-116.5207	43.25168	0.1523256	0.424595	0.575405	1.975961
8994	-71.24573	-115.906	44.66023	0.1333656	0.538418	0.461582	0.8723663
9000	-72.49885	-116.7215	44.22263	0.6075897	0.295061	0.704939	0.8278797
9006	-69.09403	-113.4642	44.3702	0.194943	0.396915	0.603085	1.104611
9012	-65.69506	-110.2124	44.51739	0.0477517	0.177802	0.822198	1.104611
9018	-65.7144	-109.9719	44.25755	0.2630182	0.441298	0.558702	1.144741
9024	-65.65511	-110.2036	44.5485	0.2638724	0.475409	0.524591	0.8499752
9030	-67.68526	-110.5699	42.88463	0.02572898	0.346462	0.653538	2.298351
9036	-65.83784	-110.1764	44.33854	0.1661137	0.653922	0.346078	1.158803
9042	-62.89275	-107.1153	44.22251	0.417941	0.292898	0.707102	1.033855
9048	-67.71061	-111.6681	43.95752	1.02302	0.422036	0.577964	0.4760359
9054	-71.18346	-115.3807	44.19725	0.6831821	0.470128	0.529872	0.7600085
9060	-73.96511	-117.9307	43.96563	0.5416643	0.682393	0.317607	1.156475
9066	-73.71041	-117.2852	43.57475	0.9325478	0.555428	0.444572	1.156475
9072	-72.17006	-116.633	44.46291	0.2159381	0.344178	0.655822	0.9960132
9078	-70.34384	-114.8313	44.4875	0.4100149	0.511963	0.488037	0.7341698
9084	-75.88001	-120.5519	44.67192	0.08859846	0.511963	0.488037	0.9100413
9090	-76.99262	-121.6377	44.64504	0.137045	0.41127	0.58873	0.885707
9096	-72.14737	-116.0568	43.90939	0.2875923	0.554415	0.445585	1.411143
9102	-73.31972	-117.3423	44.02259	0.2290243	0.44405	0.55595	1.368479
9108	-71.27509	-115.4845	44.20943	0.2304939	0.269367	0.730633	1.21474
9114	-76.40044	-119.7307	43.33029	0.4256741	0.17072	0.82928	1.73494
9120	-78.62497	-121.5015	42.8765	0.1842776	0.409421	0.590579	2.201653
9126	-71.39528	-115.8044	44.4091	0.1415509	0.409421	0.590579	1.117784
9132	-72.30716	-116.5107	44.20356	0.4542745	0.4136	0.5864	1.016892
9138	-67.5838	-111.454	43.87024	0.7876017	0.4136	0.5864	1.016892
9144	-70.98293	-114.3114	43.32846	1.620925	0.294165	0.705835	0.6381549
9150	-68.89767	-113.4301	44.53245	0.2850262	0.205609	0.794391	0.8437457
9156	-73.10997	-117.4746	44.36463	0.608692	0.568443	0.431557	0.4379695
9162	-79.75703	-123.7574	44.00033	0.7169814	0.491967	0.508033	0.9565866
9168	-80.20427	-124.6426	44.43831	0.1050474	0.667787	0.332213	1.124362
9174	-71.70795	-115.8457	44.1378	0.8164658	0.485185	0.514815	0.6265
9180	-68.27439	-112.6866	44.41217	0.5667591	0.369583	0.630417	0.5383104
9186	-70.58068	-114.526	43.94535	1.036259	0.632523	0.367477	0.5075538
9192	-70.18846	-114.3965	44.208	0.7122982	0.398087	0.601913	0.6962952
9198	-77.05957	-121.2928	44.23323	0.5684815	0.469702	0.530298	0.862785
9204	-75.15133	-119.1649	44.01354	0.9520737	0.371381	0.628619	0.5951825
9210	-70.72034	-114.126	43.40564	1.536064	0.160213	0.839787	0.3715569
9216	-72.78014	-116.2657	43.48551	1.439535	0.296806	0.703194	0.3500007
9222	-75.08253	-118.0254	42.94291	1.85586	0.296806	0.703194	0.2552032
9228	-73.04051	-115.7972	42.75669	1.567885	0.341106	0.658894	0.1215872
9234	-77.09281	-119.4021	42.30929	1.917416	0.341106	0.658894	0.1071038
9240	-85.21249	-128.8756	43.66316	1.082828	0.575718	0.424282	0.926
9246	-75.85312	-120.0135	44.16036	0.7721762	0.37134	0.62866	0.6736236
9252	-76.02502	-120.0563	44.03132	0.4711723	0.368867	0.631133	1.160699
9258	-73.51694	-117.6224	44.10544	0.3970583	0.377785	0.622215	1.160699
9264	-71.13815	-115.6364	44.49829	0.228542	0.45738	0.54262	0.9465565
9270	-76.5293	-120.6904	44.16113	0.240853	0.526221	0.473779	1.246685
9276	-77.06705	-120.8652	43.79815	0.1264998	0.146542	0.853458	1.61468
9282	-70.40534	-114.5213	44.11597	0.5565337	0.439187	0.560813	1.002363
9288	-70.21641	-114.382	44.16563	0.3929119	0.125842	0.874158	1.11063
9294	-69.1493	-113.2951	44.1458	0.08913586	0.32686	0.67314	1.381585
9300	-73.06829	-117.8685	44.80019	0.05563462	0.127973	0.872027	0.7945086
9306	-76.50078	-120.0164	43.51563	0.3413106	0.421359	0.578641	1.663397
9312	-77.24766	-120.9586	43.71099	0.007622284	0.580507	0.419493	1.761096
9318	-84.26984	-129.0748	44.80498	0.1050063	0.580507	0.419493	0.7140132
9324	-81.07046	-124.7131	43.64269	0.03800947	0.21092	0.78908	1.787489
9330	-78.879	-122.8985	44.01947	0.1225133	0.393844	0.606156	1.453394
9336	-72.79569	-116.9352	44.13946	0.08823938	0.266558	0.733442	1.387247
9342	-66.78007	-111.092	44.31192	0.5649795	0.51048	0.48952	0.7651352
9348	-66.74631	-110.711	43.96474	0.9121601	0.485064	0.514936	0.7651352
9354	-69.83038	-114.5859	44.75556	0.1028774	0.63488	0.36512	0.7909724
9360	-70.13434	-114.1048	43.97045	0.9438924	0.639621	0.360379	0.7066589
9366	-68.57762	-112.0884	43.51082	0.3916357	0.548461	0.451539	1.630714
9372	-69.6603	-112.96	43.29972	1.610914	0.469217	0.530783	0.7129315
9378	-75.66114	-120.0131	44.35193	0.6050966	0.469946	0.530054	0.6194983
9384	-79.07648	-122.5932	43.51674	1.437116	0.538267	0.461733	0.3910564
9390	-75.13802	-118.246	43.10793	1.715034	0.318739	0.681261	0.2684998
9396	-75.67307	-119.3147	43.64159	1.291041	0.393227	0.606773	0.6734459
9402	-77.77643	-121.2991	43.52271	1.457671	0.582662	0.417338	0.4745228
9408	-81.6422	-124.754	43.11179	1.265038	0.441277	0.558723	1.267571
9414	-82.42216	-126.4422	44.02008	0.08006291	0.236126	0.763874	1.485108
9420	-85.9081	-129.6845	43.77635	1.129723	0.333593	0.666407	0.7204713
9426	-85.02542	-128.6394	43.61396	1.341495	0.412393	0.587607	0.3939864
9432	-79.06402	-123.9528	44.88881	0.02424551	0.536505	0.463495	0.7088512
9438	-71.48285	-114.8079	43.32503	0.9459446	0.536505	0.463495	1.353175
9444	-76.98175	-121.8195	44.83776	0.09128148	0.114062	0.885938	0.6803079
9450	-69.46324	-113.481	44.01777	0.9414895	0.402076	0.597924	0.4013702
9456	-77.27401	-121.1263	43.85225	0.9564282	0.23911	0.76089	0.8544444
9462	-76.16053	-120.105	43.94451	0.8641636	0.411098	0.588902	0.8544444
9468	-73.01599	-117.5943	44.57836	0.2650798	0.537992	0.462008	0.8109274
9474	-72.84368	-116.8793	44.03563	0.7134837	0.246229	0.753771	0.9225942
9480	-72.35474	-116.5108	44.15601	0.3516709	0.458108	0.541892	1.156137
9486	-70.58055	-114.8684	44.2878	0.2198756	0.553145	0.446855	1.156137
9492	-70.27086	-114.989	44.71815	0.2356866	0.456899	0.543101	0.6275442
9498	-68.42321	-112.6545	44.23127	0.1923833	0.26874	0.73126	1.228507
9504	-66.5827	-110.6717	44.089	0.2231525	0.249702	0.750298	1.320282
9510	-69.55809	-113.8271	44.26899	0.04315756	0.477598	0.522402	1.320282
9516	-73.86153	-118.4119	44.55042	0.1843585	0.585475	0.414525	0.9380951
9522	-72.29639	-115.3746	43.07826	0.8172054	0.604184	0.395816	1.635755
9528	-67.01332	-111.3617	44.34841	0.3650424	0.642493	0.357507	0.9606223
9534	-72.17845	-116.0905	43.91202	1.069093	0.642493	0.357507	0.4827164
9540	-72.96256	-116.6626	43.7	1.242623	0.553529	0.446471	0.6531384
9546	-75.25874	-118.8893	43.63054	0.5843492	0.378115	0.621885	1.397242
9552	-74.56247	-118.6981	44.13563	0.4522872	0.318582	0.681418	1.083638
9558	-76.19709	-120.7244	44.52733	0.4522872	0.487434	0.512566	0.5331585
9564	-75.02369	-119.3836	44.35991	0.523878	0.407301	0.592699	0.7550704
9570	-73.24727	-117.2799	44.03264	0.4584537	0.385478	0.614522	1.170684
9576	-79.35989	-123.7543	44.39441	0.5187655	0.539117	0.460883	0.7086482
9582	-71.344	-115.2353	43.89133	1.086993	0.413994	0.586006	0.5423936
9588	-71.13607	-115.028	43.89198	1.086993	0.410983	0.589017	0.5379759
9594	-78.19247	-121.2741	43.0816	0.2864598	0.218934	0.781066	1.99997
9600	-74.95474	-118.5455	43.59079	1.355545	0.342608	0.657392	0.3785099
9606	-78.3869	-122.8497	44.4628	0.5137037	0.39237	0.60763	0.5528267
9612	-67.60211	-111.6441	44.04199	0.9090566	0.282502	0.717498	0.6342647
9618	-68.302	-112.0584	43.75645	1.225272	0.208741	0.791259	0.4999862
9624	-70.63056	-114.5977	43.96711	0.9950661	0.198524	0.801476	0.6054896
9630	-67.97702	-112.4625	44.48548	0.2825614	0.250989	0.749011	0.9016477
9636	-74.46336	-117.9017	43.43829	0.9330366	0.221347	0.778653	1.27211
9642	-72.41165	-116.3745	43.96289	0.09469142	0.411196	0.588804	1.517015
9648	-78.46	-122.4448	43.98482	0.9287041	0.490887	0.509113	0.708056
9654	-75.4951	-119.5935	44.09839	0.8775665	0.562785	0.437215	0.4481991
9660	-70.31567	-114.6134	44.29769	0.4420664	0.293034	0.706966	0.9327404
9666	-70.12577	-114.3066	44.18081	0.7949909	0.29309	0.70691	0.5563864
9672	-68.93144	-113.1038	44.17233	0.6359701	0.223691	0.776309	0.8549024
9678	-71.78101	-114.7556	42.97457	0.7903742	0.468591	0.531409	1.728624
9684	-70.75079	-114.6076	43.85678	0.1892747	0.505933	0.494067	1.525599
9690	-73.71845	-117.5322	43.81374	1.0863	0.497515	0.502485	0.730188
9696	-81.5401	-125.2556	43.71546	1.0863	0.488589	0.511411	0.8627236
9702	-73.51492	-118.1284	44.61352	0.037657	0.406196	0.593804	1.023425
9708	-71.83663	-115.6684	43.8318	0.6270542	0.274267	0.725733	1.198578
9714	-73.07375	-116.2673	43.19354	1.75684	0.402855	0.597145	0.3850362
9720	-70.90204	-114.6802	43.77815	1.098613	0.347636	0.652364	0.7653329
9726	-66.42915	-110.5358	44.1066	0.534242	0.310456	0.689544	1.033475
9732	-70.40626	-114.2553	43.84908	1.126683	0.310861	0.689139	0.556612
9738	-66.37017	-110.9615	44.59132	0.327682	0.310861	0.689139	0.6985806
9744	-70.95005	-115.7535	44.80348	0.1663957	0.719075	0.280925	0.5809668
9750	-69.8905	-114.4177	44.52721	0.4477752	0.404073	0.595927	0.5603002
9756	-65.82565	-110.2548	44.42918	0.4390323	0.370868	0.629132	0.7774867
9762	-68.92137	-113.4568	44.53544	0.2936807	0.458477	0.541523	0.8292693
9768	-68.65041	-112.5805	43.93005	0.5722663	0.729993	0.270007	1.160851
9774	-64.87671	-109.4052	44.52846	0.1859452	0.345019	0.654981	0.9596228
9780	-66.07645	-109.9304	43.85391	1.09563	0.259695	0.740305	0.6377981
9786	-65.40896	-110.1617	44.75279	0.1258753	0.299391	0.700609	0.7625751
9792	-65.91407	-110.2485	44.3344	0.1764691	0.24044	0.75956	1.153321
9798	-68.38467	-112.3753	43.99067	0.4595096	0.582679	0.417321	1.206003
9804	-70.95344	-114.9399	43.98651	0.6549129	0.499989	0.500011	1.032919
9810	-65.23703	-109.8826	44.64559	0.2196213	0.282491	0.717509	0.7816591
9816	-70.1877	-113.2084	43.02073	0.2448481	0.35264	0.64736	2.067916
9822	-75.98698	-119.4287	43.44172	1.477112	0.700309	0.299691	0.3429825
9828	-79.97461	-122.8798	42.9052	1.843297	0.204357	0.795643	0.2314161
9834	-67.47823	-112.129	44.65082	0.2569411	0.495993	0.504007	0.717709
9840	-71.97034	-115.8537	43.88331	0.6870894	0.243264	0.756736	1.099795
9846	-70.18226	-113.2394	43.0571	0.5641906	0.4838	0.5162	1.828553
9852	-63.99355	-108.6553	44.66172	0.07336692	0.337607	0.662393	0.9377656
9858	-64.12937	-109.0408	44.91144	0.05192154	0.281574	0.718426	0.6020265
9864	-64.54406	-108.4517	43.90766	1.073237	0.381969	0.618031	0.4799655
9870	-64.98918	-108.9133	43.92415	1.026769	0.381969	0.618031	0.6345857
9876	-65.34865	-109.5637	44.2151	0.1088083	0.258444	0.741556	1.310797
9882	-68.64664	-112.4203	43.77368	0.2440882	0.379741	0.620259	1.54657
9888	-71.77837	-115.6037	43.82536	0.1924086	0.296189	0.703811	1.54657
9894	-74.0021	-117.4375	43.43539	0.3444617	0.296189	0.703811	1.718126
9900	-76.9653	-121.6808	44.7155	0.1057627	0.653979	0.346021	0.8390732
9906	-71.22624	-115.4795	44.2533	0.7179083	0.651304	0.348696	0.5760371
9912	-73.2078	-117.294	44.0862	0.7768097	0.197795	0.802205	0.7847061
9918	-70.31732	-113.606	43.28871	1.681923	0.565128	0.434872	0.4291916
9924	-78.62524	-121.864	43.2388	1.681923	0.442728	0.557272	0.345067
9930	-73.95428	-118.6509	44.69663	0.1870683	0.473097	0.526903	0.7552031
9936	-71.24179	-114.1024	42.86057	1.636113	0.260726	0.739274	0.1541375
9942	-79.74016	-123.0439	43.30377	1.355652	0.239184	0.760816	0.198013
9948	-78.33976	-121.2897	42.9499	1.804639	0.232644	0.767356	0.2340471
9954	-76.68077	-119.5384	42.85765	1.804639	0.35357	0.64643	0.1989586
9960	-76.86183	-121.0881	44.22628	0.1456519	0.630327	0.369673	1.271609
9966	-78.21531	-122.9042	44.68892	0.02337443	0.123417	0.876583	0.9618265
9972	-79.88363	-123.3746	43.49097	1.476588	0.386962	0.613038	0.4204965
9978	-82.61023	-126.1029	43.49265	1.477982	0.430013	0.569987	0.4291761
9984	-79.89426	-123.7737	43.87941	0.9997092	0.441736	0.558264	0.761909
9990	-79.6367	-124.2112	44.57454	0.3720518	0.250211	0.749789	0.6445008
9996	-72.2609	-117.0256	44.76473	0.1744792	0.398909	0.601091	0.6603039
10002	-71.45064	-115.6199	44.16924	0.7928729	0.448914	0.551086	0.6056579
10008	-71.65391	-116.2553	44.60137	0.3662129	0.578388	0.421612	0.4205732
10014	-67.38709	-111.7521	44.36499	0.3057303	0.438616	0.561384	1.004138
10020	-74.68583	-118.9869	44.30103	0.4680466	0.141012	0.858988	0.9004858
10026	-72.58371	-117.1475	44.56375	0.3292161	0.067939	0.932061	0.7412227
10032	-70.6853	-114.5916	43.9063	1.067065	0.386616	0.613384	0.438098
10038	-68.17292	-112.2041	44.03119	0.2139062	0.560621	0.439379	1.373603
10044	-68.14597	-112.6269	44.48093	0.04372139	0.258784	0.741216	1.141107
10050	-76.11176	-120.4499	44.33811	0.1865477	0.374388	0.625612	1.141107
10056	-77.07847	-121.1937	44.11524	0.650212	0.374388	0.625612	0.9045464
10062	-76.04701	-120.003	43.95597	0.4026062	0.0657351	0.934265	1.282586
10068	-69.06967	-112.8876	43.81794	1.163727	0.536699	0.463301	0.5052019
10074	-63.6728	-108.1771	44.5043	0.1233146	0.492812	0.507188	1.04622
10080	-65.68801	-110.0261	44.33804	0.05546958	0.150303	0.849697	1.253749
10086	-62.46502	-106.5877	44.12267	0.3223822	0.547731	0.452269	1.210375
10092	-66.45131	-110.9003	44.44902	0.1955968	0.293344	0.706656	1.029814
10098	-74.03515	-117.7809	43.74575	0.8988713	0.540839	0.459161	1.029814
10104	-71.8778	-115.912	44.03416	0.6104603	0.336475	0.663525	1.029814
10110	-76.30843	-120.4353	44.12687	0.6318136	0.464695	0.535305	0.9120801
10116	-72.97031	-116.5525	43.58218	0.7783915	0.564179	0.435821	1.28095
10122	-72.9194	-116.8623	43.94294	0.5602865	0.669276	0.330724	1.160054
10128	-71.76147	-116.2111	44.44968	0.5184695	0.308827	0.691173	0.5869678
10134	-66.53323	-110.8191	44.28585	0.04023866	0.335223	0.664777	1.309037
10140	-68.79905	-112.6847	43.88568	0.6315501	0.199682	0.800318	1.147698
10146	-69.05019	-113.6458	44.59558	0.2278378	0.532956	0.467044	0.836409
10152	-75.3737	-119.0688	43.69507	1.271352	0.175742	0.824258	0.5926253
10158	-72.00537	-115.6035	43.5981	1.27125	0.328332	0.671668	0.7758825
10164	-72.38314	-115.9558	43.57271	0.3767065	0.207145	0.792855	1.596698
10170	-71.15752	-115.3096	44.1521	0.3627132	0.198662	0.801338	1.149842
10176	-78.21572	-120.9753	42.7596	0.2493246	0.371798	0.628202	2.235118
10182	-74.44188	-118.7851	44.34323	0.005299903	0.377169	0.622831	1.290804
10188	-75.77743	-120.1197	44.34224	0.006288099	0.27675	0.72325	1.290804
10194	-66.77998	-111.2855	44.50553	0.006072835	0.460515	0.539485	1.152678
10200	-78.38745	-122.2502	43.86275	0.752937	0.458035	0.541965	1.057588
10206	-78.92504	-121.35	42.425	0.1043677	0.197461	0.802539	2.538548
10212	-82.42176	-126.5119	44.09016	0.3248891	0.136957	0.863043	1.235745
10218	-75.59561	-119.9409	44.3453	0.2165053	0.611212	0.388788	1.107651
10224	-74.77572	-119.1372	44.36145	0.0378205	0.355269	0.644731	1.248953
10230	-74.49582	-118.3692	43.87342	0.5187066	0.322289	0.677711	1.254901
10236	-71.09241	-115.1329	44.0405	0.402788	0.380706	0.619294	1.211876
10242	-78.53864	-121.1822	42.64354	2.011634	0.214063	0.785937	0.1966287
10248	-77.91181	-121.038	43.12621	1.770397	0.222384	0.777616	0.3210454
10254	-73.81516	-118.307	44.49183	0.001336117	0.131789	0.868211	1.168867
10260	-74.31988	-117.9996	43.67975	0.009340609	0.283882	0.716118	1.781663
10266	-69.17481	-113.9068	44.73202	0.009954756	0.479243	0.520757	0.9303497
10272	-74.20139	-118.9721	44.77072	0.03962764	0.238448	0.761552	0.8524311
10278	-77.07414	-120.6161	43.54192	0.2050023	0.460189	0.539811	1.741285
10284	-79.34865	-122.89	43.54139	0.6118614	0.566176	0.433824	1.444793
10290	-69.38837	-113.8123	44.42395	0.4879748	0.424132	0.575868	0.7107722
10296	-68.96166	-113.1492	44.18751	0.398053	0.555126	0.444874	1.085818
10302	-139.4697	-179.264	39.79435	0.2543791	0.737686	0.262314	4.007104
10308	-177.5924	-206.8813	29.28893	0.4620373	0.351778	0.648222	9.592438
10404	-1.286134e+50	-214.3439	-1.286134e+50	1.286134e+50	0.898839	0.101161	1.231729e+21
10506	-3.663489e+87	-214.3439	-3.663489e+87	3.663489e+87	0.539808	0.460192	3.269454e+41
10602	-2.112012e+124	-214.3439	-2.112012e+124	2.112012e+124	0.57434	0.42566	1.149646e+61
10608	-1.361139e+126	-214.3439	-1.361139e+126	1.361139e+126	0.367556	0.632444	5.925086e+60
10704	-1.519414e+156	-214.3439	-1.519414e+156	1.519414e+156	0.832875	0.167125	2.337262e+77
10806	-2.638091e+188	-214.3439	-2.638091e+188	2.638091e+188	0.614724	0.385276	6.051812e+103
10902	-2.125504e+227	-214.3439	-2.125504e+227	2.125504e+227	0.516881	0.483119	1.157123e+122
10908	-7.566313e+227	-214.3439	-7.566313e+227	7.566313e+227	0.0628734	0.937127	1.434537e+122
